sale_id,item_id,customer_key,product_key,date_key,channel_key,quantity,unit_price,original_price,discount_applied,item_total,total_amount
658,2270,835,403,20250616,2,1,81.8,81.8,0.0,81.8,374.25
336,1170,790,284,20250617,1,1,81.79,81.79,0.0,81.79,536.47
1255,2496,464,71,20250416,2,1,80.76,80.76,0.0,80.76,104.81
1079,1829,837,98,20250615,2,1,78.52,78.52,0.0,78.52,173.84
478,3221,957,98,20250414,2,1,78.52,78.52,0.0,78.52,162.44
747,730,442,413,20250421,2,1,76.15,76.15,0.0,76.15,250.93
258,2917,94,392,20250529,1,1,75.47,75.47,0.0,75.47,439.49
1144,3142,700,392,20250520,1,1,75.47,75.47,0.0,75.47,141.99
644,209,374,224,20250404,1,1,75.4,75.4,0.0,75.4,231.66
991,1138,734,224,20250420,2,1,75.4,75.4,0.0,75.4,200.08
338,1968,670,459,20250421,1,1,75.17,75.17,0.0,75.17,410.86
617,2063,62,459,20250518,1,1,75.17,75.17,0.0,75.17,566.22
660,2211,86,116,20250614,2,1,74.81,74.81,0.0,74.81,368.79
863,3058,39,359,20250417,1,1,74.28,74.28,0.0,74.28,384.64
420,1707,828,320,20250616,2,1,74.26,74.26,0.0,74.26,503.76
191,1831,367,320,20250523,2,1,74.26,74.26,0.0,74.26,381.4
1013,2454,296,420,20250430,2,1,72.58,72.58,0.0,72.58,178.68
473,202,820,398,20250430,1,1,71.15,71.15,0.0,71.15,270.72
179,3189,663,379,20250529,2,1,70.82,70.82,0.0,70.82,525.72
482,3113,272,463,20250524,2,1,70.56,70.56,0.0,70.56,306.9
581,41,125,31,20250531,1,1,69.82,69.82,0.0,69.82,516.66
31,1406,776,31,20250520,2,1,69.82,69.82,0.0,69.82,292.78
424,2490,956,31,20250522,2,1,69.82,69.82,0.0,69.82,397.38
33,929,805,353,20250423,1,1,69.54,69.54,0.0,69.54,227.32
832,22,570,360,20250423,1,1,69.48,69.48,0.0,69.48,266.58
670,1785,820,360,20250527,2,1,69.48,69.48,0.0,69.48,173.7
209,684,436,474,20250531,2,1,68.47,68.47,0.0,68.47,343.05
1014,1253,578,474,20250516,1,1,68.47,68.47,0.0,68.47,175.37
306,3167,566,486,20250426,1,1,68.03,68.03,0.0,68.03,257.31
42,3055,191,470,20250531,2,1,67.73,67.73,0.0,67.73,186.91
1213,1724,155,67,20250516,1,1,67.37,67.37,0.0,67.37,365.27
1178,1762,274,239,20250415,2,1,66.99,66.99,0.0,66.99,286.19
1128,1356,759,307,20250531,2,1,66.87,66.87,0.0,66.87,96.84
180,1050,641,197,20250613,2,1,66.68,66.68,0.0,66.68,190.08
1272,2153,254,197,20250415,2,1,66.68,66.68,0.0,66.68,188.26
370,2909,225,131,20250421,2,1,66.63,66.63,0.0,66.63,186.88
450,719,640,478,20250430,2,1,66.52,66.52,0.0,66.52,540.03
1144,2134,700,478,20250520,1,1,66.52,66.52,0.0,66.52,141.99
183,1640,871,70,20250516,1,1,66.33,66.33,0.0,66.33,161.43
1136,185,460,435,20250614,2,1,64.5,64.5,0.0,64.5,111.97
54,1624,517,435,20250528,2,1,64.5,64.5,0.0,64.5,416.34
1344,2601,857,276,20250421,2,1,64.44,64.44,0.0,64.44,179.43
466,2521,538,194,20250417,1,1,64.11,64.11,0.0,64.11,573.78
946,674,289,371,20250416,2,1,63.82,63.82,0.0,63.82,192.66
1117,2257,660,372,20250615,1,1,63.79,63.79,0.0,63.79,190.25
394,174,435,79,20250615,1,1,63.22,63.22,0.0,63.22,456.05
230,115,428,206,20250421,2,1,63.03,63.03,0.0,63.03,404.19
207,1404,884,56,20250515,1,1,62.92,62.92,0.0,62.92,438.51
436,2400,481,38,20250428,2,1,62.8,62.8,0.0,62.8,345.59
436,718,481,317,20250428,2,1,62.63,62.63,0.0,62.63,345.59
1245,1997,348,115,20250517,1,1,62.27,62.27,0.0,62.27,261.02
1135,1481,946,437,20250520,2,1,62.17,62.17,0.0,62.17,202.84
626,1044,376,50,20250424,2,1,61.95,61.95,0.0,61.95,147.29
779,2354,577,266,20250417,2,1,61.67,61.67,0.0,61.67,194.09
168,1311,896,35,20250404,2,1,61.61,61.61,0.0,61.61,482.74
1103,2658,393,35,20250531,1,1,61.61,61.61,0.0,61.61,108.13
43,589,217,399,20250415,2,1,61.6,61.6,0.0,61.6,478.95
226,60,575,428,20250423,2,1,61.22,61.22,0.0,61.22,401.31
509,539,663,483,20250515,1,1,60.89,60.89,0.0,60.89,253.64
370,2091,225,483,20250421,2,1,60.89,60.89,0.0,60.89,186.88
486,2727,241,483,20250419,2,1,60.89,60.89,0.0,60.89,291.32
510,2291,892,340,20250430,1,1,60.83,60.83,0.0,60.83,227.01
1339,1551,796,129,20250423,2,1,60.68,60.68,0.0,60.68,121.01
52,2342,438,129,20250521,1,1,60.68,60.68,0.0,60.68,646.63
1329,67,28,287,20250427,2,1,60.34,60.34,0.0,60.34,94.92
247,271,672,287,20250404,2,1,60.34,60.34,0.0,60.34,288.21
1166,2913,243,287,20250517,1,1,60.34,60.34,0.0,60.34,284.19
1339,2981,796,54,20250423,2,1,60.33,60.33,0.0,60.33,121.01
404,507,929,324,20250526,1,1,60.31,60.31,0.0,60.31,225.88
976,471,682,307,20250606,1,1,60.18,66.87,6.69,60.18,220.59
607,1786,785,433,20250430,2,1,60.12,60.12,0.0,60.12,395.28
10,2423,195,347,20250521,1,1,59.92,59.92,0.0,59.92,299.7
557,143,194,99,20250425,2,1,59.78,59.78,0.0,59.78,423.11
761,3191,858,391,20250531,1,1,59.77,59.77,0.0,59.77,232.67
89,1991,46,464,20250425,1,1,59.58,59.58,0.0,59.58,312.2
277,2437,791,291,20250526,1,1,59.56,59.56,0.0,59.56,534.45
190,676,247,160,20250617,2,1,59.38,59.38,0.0,59.38,291.5
255,3071,509,160,20250430,1,1,59.38,59.38,0.0,59.38,187.46
435,3078,613,244,20250427,2,1,59.32,59.32,0.0,59.32,300.68
1034,110,342,214,20250531,2,1,59.07,59.07,0.0,59.07,192.63
1304,889,839,214,20250414,2,1,59.07,59.07,0.0,59.07,88.35
383,1597,451,214,20250415,2,1,59.07,59.07,0.0,59.07,504.66
127,759,490,63,20250413,2,1,58.67,58.67,0.0,58.67,566.98
833,705,511,366,20250429,1,1,58.34,58.34,0.0,58.34,217.91
856,1370,648,366,20250417,1,1,58.34,58.34,0.0,58.34,206.9
1179,2021,462,366,20250429,1,1,58.34,58.34,0.0,58.34,250.58
647,71,688,22,20250430,1,1,58.26,58.26,0.0,58.26,379.16
231,2065,453,145,20250424,1,1,58.25,58.25,0.0,58.25,385.35
947,2140,127,101,20250616,1,1,58.11,58.11,0.0,58.11,97.73
594,2175,69,101,20250530,2,1,58.11,58.11,0.0,58.11,493.31
402,2696,301,225,20250513,1,1,58.11,58.11,0.0,58.11,394.47
264,1745,131,321,20250531,2,1,58.09,58.09,0.0,58.09,253.51
601,2846,387,83,20250531,1,1,57.8,57.8,0.0,57.8,542.92
294,974,489,227,20250617,1,1,57.51,57.51,0.0,57.51,290.39
247,1413,672,27,20250404,2,1,57.35,57.35,0.0,57.35,288.21
629,2368,186,49,20250526,2,1,57.35,57.35,0.0,57.35,400.35
1036,3316,793,222,20250613,1,1,57.19,57.19,0.0,57.19,199.55
78,602,321,53,20250518,1,1,57.17,57.17,0.0,57.17,683.47
11,116,187,288,20250520,2,1,57.11,57.11,0.0,57.11,327.88
564,200,511,288,20250528,1,1,57.11,57.11,0.0,57.11,351.54
1169,2830,490,288,20250516,1,1,57.11,57.11,0.0,57.11,122.99
273,2946,682,103,20250616,2,1,57.0,57.0,0.0,57.0,489.56
635,2750,104,357,20250416,2,1,56.91,56.91,0.0,56.91,347.37
620,1325,65,326,20250520,1,1,56.7,56.7,0.0,56.7,426.3
1093,513,474,294,20250525,2,1,56.69,56.69,0.0,56.69,107.55
539,731,422,303,20250426,1,1,56.58,56.58,0.0,56.58,506.48
882,3347,634,100,20250615,2,1,56.44,56.44,0.0,56.44,88.11
183,312,871,314,20250516,1,1,56.29,56.29,0.0,56.29,161.43
646,1124,396,485,20250514,1,1,56.2,56.2,0.0,56.2,151.74
430,2954,654,422,20250418,1,1,55.91,55.91,0.0,55.91,346.27
265,2362,346,424,20250526,2,1,55.39,55.39,0.0,55.39,307.83
531,2538,900,97,20250530,2,1,55.27,55.27,0.0,55.27,417.74
577,921,958,265,20250527,1,1,55.25,55.25,0.0,55.25,161.54
592,424,906,107,20250517,1,1,55.06,55.06,0.0,55.06,134.93
578,3198,849,107,20250425,2,1,55.06,55.06,0.0,55.06,357.46
220,2384,566,124,20250418,1,1,55.04,55.04,0.0,55.04,525.55
1230,1598,954,126,20250519,1,1,55.03,55.03,0.0,55.03,220.21
815,1027,506,264,20250427,2,1,55.01,55.01,0.0,55.01,160.89
707,2453,154,188,20250523,1,1,55.01,55.01,0.0,55.01,89.46
653,29,168,461,20250521,1,1,54.91,54.91,0.0,54.91,644.06
708,2440,951,461,20250416,2,1,54.91,54.91,0.0,54.91,231.49
527,2524,160,481,20250528,1,1,54.87,54.87,0.0,54.87,420.5
1336,79,557,32,20250404,1,1,54.83,54.83,0.0,54.83,184.47
41,1554,367,32,20250414,1,1,54.83,54.83,0.0,54.83,481.09
193,1536,92,271,20250518,1,1,54.28,54.28,0.0,54.28,433.24
144,2426,961,42,20250420,2,1,54.2,54.2,0.0,54.2,296.59
212,2713,302,439,20250505,2,1,53.93,53.93,0.0,53.93,300.97
55,1206,511,154,20250417,1,1,53.74,53.74,0.0,53.74,355.12
675,964,126,47,20250523,1,1,53.73,53.73,0.0,53.73,102.61
1006,3185,309,221,20250505,1,1,53.7,53.7,0.0,53.7,249.21
298,2293,401,52,20250518,1,1,53.61,53.61,0.0,53.61,376.14
1004,2959,983,368,20250427,2,1,53.48,53.48,0.0,53.48,104.73
778,2972,548,416,20250413,1,1,53.46,53.46,0.0,53.46,96.18
749,610,993,458,20250426,1,1,53.35,53.35,0.0,53.35,240.91
1224,1501,461,458,20250419,1,1,53.35,53.35,0.0,53.35,172.89
1256,1226,393,442,20250416,2,1,53.27,53.27,0.0,53.27,211.32
666,1950,743,40,20250524,1,1,53.19,53.19,0.0,53.19,236.19
1286,1857,628,214,20250606,1,1,53.16,59.07,5.91,53.16,213.94
827,2305,253,262,20250614,1,1,52.94,52.94,0.0,52.94,251.9
604,2438,338,25,20250526,1,1,52.94,52.94,0.0,52.94,499.56
128,1150,115,75,20250419,1,1,52.83,52.83,0.0,52.83,282.19
1248,707,898,299,20250413,2,1,52.65,52.65,0.0,52.65,190.53
250,1905,49,299,20250616,2,1,52.65,52.65,0.0,52.65,581.85
1112,260,953,394,20250425,2,1,52.58,52.58,0.0,52.58,229.4
31,665,776,57,20250520,2,1,52.28,52.28,0.0,52.28,292.78
36,2245,475,445,20250528,1,1,52.28,52.28,0.0,52.28,380.74
546,2803,787,445,20250428,1,1,52.28,52.28,0.0,52.28,184.6
440,145,698,306,20250515,2,1,52.27,74.67,22.4,52.27,358.65
1054,1425,493,181,20250428,2,1,52.18,52.18,0.0,52.18,238.03
543,1005,896,203,20250426,1,1,52.1,52.1,0.0,52.1,403.83
1331,606,447,440,20250426,2,1,52.08,52.08,0.0,52.08,257.03
763,1263,602,440,20250421,1,1,52.08,52.08,0.0,52.08,301.16
128,1300,115,440,20250419,1,1,52.08,52.08,0.0,52.08,282.19
590,2463,512,140,20250413,1,1,52.08,52.08,0.0,52.08,324.12
461,839,607,468,20250527,1,1,51.8,51.8,0.0,51.8,439.03
402,343,301,361,20250513,1,1,51.76,51.76,0.0,51.76,394.47
114,2951,903,76,20250425,2,1,51.7,51.7,0.0,51.7,280.43
1045,1680,113,480,20250514,1,1,51.63,51.63,0.0,51.63,288.98
651,1641,225,386,20250416,1,1,51.38,51.38,0.0,51.38,501.78
1184,1949,752,367,20250425,2,1,51.38,51.38,0.0,51.38,126.28
762,3076,76,170,20250613,1,1,51.27,51.27,0.0,51.27,222.42
1004,2445,983,242,20250427,2,1,51.25,51.25,0.0,51.25,104.73
646,3110,396,336,20250514,1,1,51.22,51.22,0.0,51.22,151.74
272,1654,718,252,20250505,2,1,51.17,51.17,0.0,51.17,487.95
542,2177,771,252,20250524,1,1,51.17,51.17,0.0,51.17,382.14
744,3233,736,252,20250606,2,1,51.17,51.17,0.0,51.17,202.93
551,1590,398,255,20250531,1,1,51.0,51.0,0.0,51.0,274.53
622,2089,217,396,20250426,1,1,51.0,51.0,0.0,51.0,194.57
429,3334,978,255,20250614,2,1,51.0,51.0,0.0,51.0,554.35
1291,382,615,61,20250519,1,1,50.88,50.88,0.0,50.88,101.64
1093,180,474,290,20250525,2,1,50.86,50.86,0.0,50.86,107.55
1098,2274,564,450,20250527,2,1,50.85,50.85,0.0,50.85,354.25
1251,998,662,273,20250430,2,1,50.72,50.72,0.0,50.72,202.77
709,3037,596,273,20250428,2,1,50.72,50.72,0.0,50.72,284.08
80,843,735,488,20250525,1,1,50.68,50.68,0.0,50.68,369.31
1227,2908,780,488,20250413,2,1,50.68,50.68,0.0,50.68,241.04
344,1812,485,253,20250614,2,1,50.55,50.55,0.0,50.55,291.52
1025,2421,318,253,20250529,2,1,50.55,50.55,0.0,50.55,89.97
346,2759,231,253,20250526,2,1,50.55,50.55,0.0,50.55,318.61
397,2939,17,253,20250429,1,1,50.55,50.55,0.0,50.55,458.22
623,939,943,193,20250414,1,1,50.52,50.52,0.0,50.52,284.26
593,1582,758,193,20250616,2,1,50.52,50.52,0.0,50.52,303.48
307,3295,567,193,20250521,1,1,50.52,50.52,0.0,50.52,332.0
160,1176,1,150,20250425,2,1,50.04,50.04,0.0,50.04,663.69
551,1621,398,69,20250531,1,1,49.98,49.98,0.0,49.98,274.53
1269,1297,930,487,20250614,2,1,49.84,49.84,0.0,49.84,159.58
284,1792,880,487,20250429,2,1,49.84,49.84,0.0,49.84,362.54
777,1078,572,436,20250528,1,1,49.81,49.81,0.0,49.81,310.71
389,2074,457,219,20250418,1,1,49.76,49.76,0.0,49.76,265.11
89,2677,46,173,20250425,1,1,49.74,49.74,0.0,49.74,312.2
956,3059,456,268,20250531,2,1,49.59,49.59,0.0,49.59,166.11
1109,1262,359,190,20250527,1,1,49.41,49.41,0.0,49.41,78.69
675,2756,126,300,20250523,1,1,48.88,48.88,0.0,48.88,102.61
940,862,988,295,20250421,2,1,48.73,48.73,0.0,48.73,268.77
613,1086,112,460,20250615,1,1,48.64,48.64,0.0,48.64,562.46
190,1219,247,34,20250617,2,1,48.34,48.34,0.0,48.34,291.5
103,1375,76,34,20250613,1,1,48.34,48.34,0.0,48.34,452.53
623,391,943,230,20250414,1,1,48.3,48.3,0.0,48.3,284.26
643,154,259,455,20250424,1,1,48.03,48.03,0.0,48.03,506.83
592,1374,906,455,20250517,1,1,48.03,48.03,0.0,48.03,134.93
489,1672,693,121,20250613,1,1,47.91,47.91,0.0,47.91,378.07
1175,3146,664,183,20250505,1,1,47.87,47.87,0.0,47.87,71.92
252,1805,836,447,20250418,2,1,47.66,47.66,0.0,47.66,336.11
776,2126,361,447,20250518,1,1,47.66,47.66,0.0,47.66,294.06
278,128,626,482,20250613,2,1,47.59,47.59,0.0,47.59,295.83
1136,1247,460,410,20250614,2,1,47.47,47.47,0.0,47.47,111.97
451,2469,997,410,20250415,1,1,47.47,47.47,0.0,47.47,485.52
1328,3079,201,410,20250616,1,1,47.47,47.47,0.0,47.47,143.15
141,371,861,254,20250615,1,1,47.44,47.44,0.0,47.44,617.09
72,1783,710,118,20250519,1,1,46.99,46.99,0.0,46.99,622.14
483,1718,547,275,20250606,1,1,46.9,52.11,5.21,46.9,358.54
392,1984,975,132,20250521,1,1,46.9,46.9,0.0,46.9,202.88
537,2000,897,349,20250430,1,1,46.72,46.72,0.0,46.72,254.97
992,1147,375,131,20250513,2,1,46.64,66.63,19.99,46.64,214.08
224,591,773,137,20250425,2,1,46.52,46.52,0.0,46.52,607.94
1103,2413,393,137,20250531,1,1,46.52,46.52,0.0,46.52,108.13
853,2958,883,345,20250428,2,1,46.36,46.36,0.0,46.36,150.6
868,2594,394,351,20250524,2,1,46.11,46.11,0.0,46.11,66.93
845,1172,612,94,20250526,1,1,45.8,45.8,0.0,45.8,310.35
274,2591,349,94,20250419,1,1,45.8,45.8,0.0,45.8,157.15
433,264,608,161,20250530,2,1,45.75,45.75,0.0,45.75,647.8
423,601,729,19,20250513,2,1,45.68,65.26,19.58,45.68,238.34
1296,2347,331,19,20250518,2,1,45.68,65.26,19.58,45.68,108.54
944,872,173,201,20250614,1,1,45.62,45.62,0.0,45.62,246.83
635,1607,104,229,20250416,2,1,45.58,45.58,0.0,45.58,347.37
554,2148,861,20,20250613,1,1,45.42,45.42,0.0,45.42,322.94
241,2786,725,20,20250606,2,1,45.42,45.42,0.0,45.42,411.47
561,2593,829,370,20250606,1,1,45.31,50.34,5.03,45.31,416.29
75,1417,469,109,20250522,2,1,45.27,45.27,0.0,45.27,526.82
614,1448,761,109,20250529,2,1,45.27,45.27,0.0,45.27,498.27
384,2480,242,109,20250427,1,1,45.27,45.27,0.0,45.27,453.66
535,3144,174,404,20250531,2,1,45.19,45.19,0.0,45.19,568.88
121,2470,867,158,20250425,2,1,45.15,45.15,0.0,45.15,566.29
46,2722,386,12,20250614,2,1,44.77,44.77,0.0,44.77,133.43
332,1295,932,322,20250524,2,1,44.45,44.45,0.0,44.45,380.25
646,1130,396,55,20250514,1,1,44.32,44.32,0.0,44.32,151.74
729,1193,190,55,20250427,1,1,44.32,44.32,0.0,44.32,350.42
478,73,957,280,20250414,2,1,44.14,44.14,0.0,44.14,162.44
245,350,673,373,20250529,1,1,44.12,44.12,0.0,44.12,221.6
143,3019,956,373,20250616,1,1,44.12,44.12,0.0,44.12,324.41
432,565,432,184,20250420,1,1,44.08,44.08,0.0,44.08,432.21
626,2655,376,184,20250424,2,1,44.08,44.08,0.0,44.08,147.29
403,1143,476,231,20250427,2,1,44.06,44.06,0.0,44.06,336.24
318,3118,681,231,20250417,1,1,44.06,44.06,0.0,44.06,376.3
484,1119,218,277,20250426,2,1,43.92,43.92,0.0,43.92,209.26
1035,2358,857,277,20250505,1,1,43.92,43.92,0.0,43.92,215.07
90,1793,2,363,20250526,1,1,43.64,43.64,0.0,43.64,377.12
1192,1056,702,374,20250522,2,1,43.43,43.43,0.0,43.43,302.23
644,1780,374,311,20250404,1,1,43.38,43.38,0.0,43.38,231.66
96,1957,135,434,20250420,1,1,43.14,43.14,0.0,43.14,522.01
1333,2131,215,123,20250514,2,1,43.06,61.51,18.45,43.06,115.4
1297,3227,14,102,20250429,2,1,43.06,43.06,0.0,43.06,167.61
639,2532,346,369,20250422,1,1,43.04,43.04,0.0,43.04,499.62
778,461,548,476,20250413,1,1,42.72,42.72,0.0,42.72,96.18
151,1765,818,476,20250414,1,1,42.72,42.72,0.0,42.72,396.18
873,2242,872,375,20250522,1,1,42.67,42.67,0.0,42.67,263.07
448,2158,143,177,20250429,2,1,42.66,42.66,0.0,42.66,319.3
132,2563,839,377,20250420,2,1,42.5,42.5,0.0,42.5,395.09
616,1635,838,135,20250423,1,1,42.47,42.47,0.0,42.47,243.91
567,1697,686,135,20250517,1,1,42.47,42.47,0.0,42.47,511.12
421,278,230,149,20250519,1,1,42.24,42.24,0.0,42.24,310.51
259,1354,48,287,20250519,2,1,42.24,60.34,18.1,42.24,296.87
925,1749,692,309,20250424,1,1,42.14,42.14,0.0,42.14,343.79
449,2637,749,309,20250523,1,1,42.14,42.14,0.0,42.14,274.72
1194,1072,816,344,20250513,1,1,42.1,42.1,0.0,42.1,419.1
908,923,196,202,20250426,2,1,41.88,41.88,0.0,41.88,224.36
1070,1456,244,144,20250430,2,1,41.84,41.84,0.0,41.84,246.2
356,3108,59,291,20250513,2,1,41.69,59.56,17.87,41.69,344.13
486,2724,241,423,20250419,2,1,41.64,41.64,0.0,41.64,291.32
386,495,445,157,20250421,2,1,41.56,41.56,0.0,41.56,323.99
427,967,401,289,20250617,2,1,41.51,41.51,0.0,41.51,525.37
626,1477,376,86,20250424,2,1,41.26,41.26,0.0,41.26,147.29
306,1806,566,86,20250426,1,1,41.26,41.26,0.0,41.26,257.31
468,4,273,18,20250505,2,1,40.99,40.99,0.0,40.99,334.88
349,387,854,18,20250615,2,1,40.99,40.99,0.0,40.99,523.43
966,1242,326,18,20250517,1,1,40.99,40.99,0.0,40.99,200.11
525,984,908,471,20250521,2,1,40.92,40.92,0.0,40.92,380.43
971,1289,58,471,20250521,2,1,40.92,40.92,0.0,40.92,185.94
618,2048,653,471,20250419,2,1,40.92,40.92,0.0,40.92,227.85
297,3242,235,366,20250517,2,1,40.84,58.34,17.5,40.84,275.27
558,94,525,22,20250517,2,1,40.78,58.26,17.48,40.78,191.33
834,1093,626,293,20250617,2,1,40.77,40.77,0.0,40.77,196.52
750,2328,665,293,20250416,1,1,40.77,40.77,0.0,40.77,230.45
44,341,957,106,20250514,1,1,40.75,40.75,0.0,40.75,373.27
392,2604,975,106,20250521,1,1,40.75,40.75,0.0,40.75,202.88
281,2929,730,83,20250517,2,1,40.46,57.8,17.34,40.46,375.37
53,1164,885,16,20250414,1,1,40.36,40.36,0.0,40.36,324.33
441,583,858,92,20250428,1,1,40.25,40.25,0.0,40.25,239.84
39,2279,955,292,20250514,1,1,40.12,40.12,0.0,40.12,628.12
875,3073,54,407,20250517,2,1,39.79,56.84,17.05,39.79,161.27
478,1031,957,325,20250414,2,1,39.78,39.78,0.0,39.78,162.44
706,1366,268,226,20250505,2,1,39.78,39.78,0.0,39.78,118.14
154,2032,551,325,20250422,1,1,39.78,39.78,0.0,39.78,448.34
947,2802,127,283,20250616,1,1,39.62,39.62,0.0,39.62,97.73
1025,490,318,490,20250529,2,1,39.42,39.42,0.0,39.42,89.97
858,1057,659,178,20250514,1,1,39.34,39.34,0.0,39.34,142.03
106,1817,21,178,20250425,1,1,39.34,39.34,0.0,39.34,298.75
999,3205,416,467,20250616,1,1,39.22,39.22,0.0,39.22,109.62
2,69,41,113,20250516,1,1,39.18,39.18,0.0,39.18,357.54
255,2633,509,93,20250430,1,1,39.18,39.18,0.0,39.18,187.46
677,1517,827,456,20250614,1,1,39.09,39.09,0.0,39.09,112.89
469,2921,180,456,20250525,1,1,39.09,39.09,0.0,39.09,316.23
745,938,556,96,20250428,1,1,39.03,39.03,0.0,39.03,120.29
378,2316,943,477,20250417,2,1,38.9,38.9,0.0,38.9,354.21
183,949,871,180,20250516,1,1,38.81,38.81,0.0,38.81,161.43
766,1280,955,180,20250616,2,1,38.81,38.81,0.0,38.81,399.31
87,2905,863,438,20250414,1,1,38.74,38.74,0.0,38.74,350.92
958,779,958,233,20250522,1,1,38.68,38.68,0.0,38.68,68.31
42,2927,191,233,20250531,2,1,38.68,38.68,0.0,38.68,186.91
199,1363,929,107,20250519,2,1,38.54,55.06,16.52,38.54,155.23
1165,654,664,376,20250422,1,1,38.52,38.52,0.0,38.52,154.08
286,740,184,188,20250518,2,1,38.51,55.01,16.5,38.51,348.33
1332,420,783,256,20250513,1,1,38.41,38.41,0.0,38.41,161.81
274,599,349,256,20250419,1,1,38.41,38.41,0.0,38.41,157.15
423,3272,729,32,20250513,2,1,38.38,54.83,16.45,38.38,238.34
1129,78,892,240,20250521,2,1,38.14,38.14,0.0,38.14,125.14
139,629,473,240,20250521,2,1,38.14,38.14,0.0,38.14,631.08
609,2511,946,240,20250522,2,1,38.14,38.14,0.0,38.14,340.38
916,281,342,48,20250518,2,1,38.07,54.38,16.31,38.07,245.94
124,242,99,387,20250419,1,1,38.06,38.06,0.0,38.06,245.7
447,1060,727,387,20250419,2,1,38.06,38.06,0.0,38.06,433.9
981,106,733,500,20250415,1,1,38.03,38.03,0.0,38.03,149.36
88,2217,569,500,20250413,2,1,38.03,38.03,0.0,38.03,577.9
603,1405,182,41,20250531,2,1,37.94,37.94,0.0,37.94,367.01
1124,233,314,208,20250429,1,1,37.45,37.45,0.0,37.45,162.23
468,1063,273,208,20250505,2,1,37.45,37.45,0.0,37.45,334.88
138,2906,106,215,20250614,1,1,37.11,37.11,0.0,37.11,406.4
15,844,33,243,20250520,1,1,37.06,37.06,0.0,37.06,421.64
839,1842,935,243,20250531,2,1,37.06,37.06,0.0,37.06,182.98
428,2664,556,262,20250514,2,1,37.06,52.94,15.88,37.06,70.69
510,2778,892,243,20250430,1,1,37.06,37.06,0.0,37.06,227.01
40,443,96,75,20250513,2,1,36.98,52.83,15.85,36.98,233.35
15,1519,33,251,20250520,1,1,36.88,36.88,0.0,36.88,421.64
73,2643,477,251,20250519,1,1,36.88,36.88,0.0,36.88,453.55
56,2630,223,5,20250529,2,1,36.84,36.84,0.0,36.84,337.98
705,3365,47,495,20250418,1,1,36.65,36.65,0.0,36.65,190.64
1225,1466,204,151,20250427,2,1,36.47,36.47,0.0,36.47,232.25
40,1588,96,140,20250513,2,1,36.46,52.08,15.62,36.46,233.35
934,1543,506,427,20250516,1,1,36.01,36.01,0.0,36.01,146.03
1223,83,380,367,20250517,2,1,35.97,51.38,15.41,35.97,70.56
874,2390,531,313,20250616,1,1,35.69,35.69,0.0,35.69,259.33
1327,92,770,414,20250419,1,1,35.2,35.2,0.0,35.2,113.56
1290,1576,99,414,20250422,1,1,35.2,35.2,0.0,35.2,152.54
1223,712,380,190,20250517,2,1,34.59,49.41,14.82,34.59,70.56
1329,2163,28,59,20250427,2,1,34.58,34.58,0.0,34.58,94.92
542,1976,771,402,20250524,1,1,34.45,34.45,0.0,34.45,382.14
707,2577,154,402,20250523,1,1,34.45,34.45,0.0,34.45,89.46
369,1163,832,388,20250429,1,1,34.23,34.23,0.0,34.23,257.37
589,1507,160,91,20250617,2,1,33.95,33.95,0.0,33.95,372.08
144,2863,961,91,20250420,2,1,33.95,33.95,0.0,33.95,296.59
1320,1482,730,298,20250417,1,1,33.94,33.94,0.0,33.94,91.9
895,379,711,139,20250531,2,1,33.59,33.59,0.0,33.59,61.09
550,2717,190,139,20250516,1,1,33.59,33.59,0.0,33.59,335.22
404,215,929,338,20250526,1,1,33.39,33.39,0.0,33.39,225.88
485,920,822,338,20250613,1,1,33.39,33.39,0.0,33.39,225.79
24,2094,750,410,20250513,2,1,33.23,47.47,14.24,33.23,173.28
278,136,626,169,20250613,2,1,32.94,32.94,0.0,32.94,295.83
619,358,895,228,20250515,2,1,32.82,46.89,14.07,32.82,232.25
555,1387,997,209,20250525,2,1,32.41,32.41,0.0,32.41,376.87
377,1133,823,82,20250514,1,1,32.21,32.21,0.0,32.21,346.01
949,2578,91,82,20250530,1,1,32.21,32.21,0.0,32.21,87.45
577,118,958,453,20250527,1,1,32.05,32.05,0.0,32.05,161.54
931,799,269,80,20250617,1,1,31.86,31.86,0.0,31.86,270.18
842,2744,636,80,20250421,2,1,31.86,31.86,0.0,31.86,181.08
1195,842,403,418,20250422,2,1,31.84,31.84,0.0,31.84,137.94
1216,2495,915,84,20250427,2,1,31.84,31.84,0.0,31.84,105.22
592,2882,906,418,20250517,1,1,31.84,31.84,0.0,31.84,134.93
882,2733,634,90,20250615,2,1,31.67,31.67,0.0,31.67,88.11
1249,3219,467,457,20250613,1,1,31.61,31.61,0.0,31.61,139.01
490,82,854,258,20250524,2,1,31.48,31.48,0.0,31.48,454.26
497,3278,588,12,20250513,2,1,31.34,44.77,13.43,31.34,322.48
467,733,220,95,20250420,2,1,31.15,31.15,0.0,31.15,425.23
33,1210,805,452,20250423,1,1,30.85,30.85,0.0,30.85,227.32
1067,2645,176,452,20250530,2,1,30.85,30.85,0.0,30.85,200.77
907,928,113,401,20250418,1,1,30.83,30.83,0.0,30.83,247.13
359,2809,503,401,20250418,2,1,30.83,30.83,0.0,30.83,590.5
328,2779,316,431,20250513,1,1,30.41,30.41,0.0,30.41,218.19
503,2543,341,171,20250522,1,1,30.26,30.26,0.0,30.26,297.86
1128,1944,759,39,20250531,2,1,29.97,29.97,0.0,29.97,96.84
1298,1923,993,241,20250516,1,1,29.82,29.82,0.0,29.82,115.34
1029,2219,554,88,20250417,1,1,29.81,29.81,0.0,29.81,229.7
1108,2853,58,400,20250527,1,1,29.68,29.68,0.0,29.68,194.29
958,359,958,81,20250522,1,1,29.63,29.63,0.0,29.63,68.31
1060,3065,648,202,20250518,2,1,29.32,41.88,12.56,29.32,64.19
319,864,728,246,20250531,2,1,28.98,28.98,0.0,28.98,431.38
253,1134,233,246,20250427,2,1,28.98,28.98,0.0,28.98,422.76
1311,1520,958,415,20250531,1,1,28.73,28.73,0.0,28.73,268.73
473,504,820,249,20250430,1,1,28.42,28.42,0.0,28.42,270.72
1133,3356,745,249,20250425,1,1,28.42,28.42,0.0,28.42,210.9
1316,293,392,328,20250515,2,1,27.88,39.83,11.95,27.88,134.98
895,1436,711,23,20250531,2,1,27.5,27.5,0.0,27.5,61.09
926,3288,393,23,20250529,1,1,27.5,27.5,0.0,27.5,110.78
442,1075,408,431,20250606,1,1,27.37,30.41,3.04,27.37,339.49
1083,3229,340,119,20250515,1,1,27.34,27.34,0.0,27.34,313.89
615,2636,23,451,20250516,2,1,26.46,37.8,11.34,26.46,207.29
1253,2878,611,174,20250424,1,1,26.41,26.41,0.0,26.41,289.93
420,2062,828,120,20250616,2,1,25.7,25.7,0.0,25.7,503.76
46,2130,386,120,20250614,2,1,25.7,25.7,0.0,25.7,133.43
622,3196,217,46,20250426,1,1,25.15,25.15,0.0,25.15,194.57
216,3160,968,122,20250522,1,1,24.8,24.8,0.0,24.8,238.58
1255,1478,464,319,20250416,2,1,24.05,24.05,0.0,24.05,104.81
1175,3047,664,319,20250505,1,1,24.05,24.05,0.0,24.05,71.92
199,2138,929,330,20250519,2,1,23.76,33.94,10.18,23.76,155.23
269,2359,298,443,20250524,2,1,23.13,23.13,0.0,23.13,503.93
546,2360,787,164,20250428,1,1,22.96,22.96,0.0,22.96,184.6
1042,1235,822,457,20250513,2,1,22.13,31.61,9.48,22.13,45.5
114,89,903,114,20250425,2,1,21.53,21.53,0.0,21.53,280.43
868,362,394,334,20250524,2,1,20.82,20.82,0.0,20.82,66.93
428,1068,556,51,20250514,2,1,17.77,25.38,7.61,17.77,70.69
588,2405,898,14,20250514,2,1,17.47,24.96,7.49,17.47,178.9
24,1340,750,205,20250513,2,1,16.84,24.05,7.22,16.84,173.28
172,2382,398,443,20250513,2,1,16.19,23.13,6.94,16.19,178.2
558,1102,525,164,20250517,2,1,16.07,22.96,6.89,16.07,191.33
428,433,556,491,20250514,2,1,15.86,22.66,6.8,15.86,70.69
376,406,497,114,20250519,2,1,15.07,21.53,6.46,15.07,195.76
1116,813,640,198,20250521,1,1,14.64,14.64,0.0,14.64,318.59
237,1913,167,64,20250516,1,1,13.51,13.51,0.0,13.51,465.41
59,3141,787,284,20250514,1,2,81.79,81.79,0.0,163.58,435.92
175,2715,113,60,20250418,2,2,81.7,81.7,0.0,163.4,339.82
1152,203,157,146,20250422,1,2,81.06,81.06,0.0,162.12,375.47
846,757,541,146,20250417,2,2,81.06,81.06,0.0,162.12,425.02
1058,951,163,146,20250526,1,2,81.06,81.06,0.0,162.12,339.2
314,2023,377,71,20250518,1,2,80.76,80.76,0.0,161.52,446.09
265,2755,346,182,20250526,2,2,78.63,78.63,0.0,157.26,307.83
800,680,96,2,20250524,1,2,78.45,78.45,0.0,156.9,555.4
1158,970,764,163,20250429,1,2,76.96,76.96,0.0,153.92,232.32
171,3254,158,459,20250415,1,2,75.17,75.17,0.0,150.34,564.17
284,2957,880,116,20250429,2,2,74.81,74.81,0.0,149.62,362.54
555,792,997,359,20250525,2,2,74.28,74.28,0.0,148.56,376.87
856,3154,648,359,20250417,1,2,74.28,74.28,0.0,148.56,206.9
1100,888,837,327,20250617,1,2,74.24,74.24,0.0,148.48,262.86
8,764,277,420,20250526,2,2,72.58,72.58,0.0,145.16,408.13
927,1946,233,420,20250615,2,2,72.58,72.58,0.0,145.16,371.36
978,560,634,358,20250420,1,2,71.86,71.86,0.0,143.72,355.24
852,930,745,337,20250423,2,2,71.72,71.72,0.0,143.44,387.92
32,496,982,6,20250421,2,2,70.86,70.86,0.0,141.72,540.69
531,1881,900,463,20250530,2,2,70.56,70.56,0.0,141.12,417.74
142,2433,151,207,20250525,1,2,67.98,67.98,0.0,135.96,410.77
1028,3194,475,207,20250525,1,2,67.98,67.98,0.0,135.96,288.52
1047,1750,161,365,20250417,1,2,67.76,67.76,0.0,135.52,441.52
6,1849,659,365,20250614,1,2,67.76,67.76,0.0,135.52,416.43
92,170,691,142,20250530,2,2,67.29,67.29,0.0,134.58,611.46
38,451,484,142,20250526,1,2,67.29,67.29,0.0,134.58,440.7
802,1942,920,239,20250430,2,2,66.99,66.99,0.0,133.98,456.18
989,1979,22,239,20250527,1,2,66.99,66.99,0.0,133.98,287.64
899,1437,339,197,20250524,2,2,66.68,66.68,0.0,133.36,291.04
450,2231,640,197,20250430,2,2,66.68,66.68,0.0,133.36,540.03
485,2224,822,383,20250613,1,2,66.38,66.38,0.0,132.76,225.79
780,2244,407,383,20250413,2,2,66.38,66.38,0.0,132.76,242.5
843,3069,551,70,20250606,2,2,66.33,66.33,0.0,132.66,232.34
878,530,800,19,20250416,1,2,65.26,65.26,0.0,130.52,309.83
1138,1293,958,19,20250427,1,2,65.26,65.26,0.0,130.52,375.32
844,1429,802,19,20250525,1,2,65.26,65.26,0.0,130.52,233.87
1185,2890,15,166,20250505,1,2,65.26,65.26,0.0,130.52,207.36
686,168,25,44,20250530,1,2,64.84,64.84,0.0,129.68,207.3
772,3149,970,44,20250428,1,2,64.84,64.84,0.0,129.68,334.34
969,2234,792,260,20250522,1,2,64.28,64.28,0.0,128.56,216.4
53,880,885,194,20250414,1,2,64.11,64.11,0.0,128.22,324.33
220,1188,566,469,20250418,1,2,64.08,64.08,0.0,128.16,525.55
627,3239,973,469,20250523,2,2,64.08,64.08,0.0,128.16,467.58
1097,1402,271,371,20250615,2,2,63.82,63.82,0.0,127.64,228.41
1117,1035,660,385,20250615,1,2,63.23,63.23,0.0,126.46,190.25
977,1041,415,206,20250422,2,2,63.03,63.03,0.0,126.06,189.74
1113,1562,958,206,20250419,2,2,63.03,63.03,0.0,126.06,304.05
710,2849,826,206,20250617,1,2,63.03,63.03,0.0,126.06,440.06
848,3067,500,56,20250606,2,2,62.92,62.92,0.0,125.84,181.08
237,1772,167,38,20250516,1,2,62.8,62.8,0.0,125.6,465.41
98,1223,879,192,20250520,1,2,62.48,62.48,0.0,124.96,413.91
1124,377,314,378,20250429,1,2,62.39,62.39,0.0,124.78,162.23
991,2376,734,323,20250420,2,2,62.34,62.34,0.0,124.68,200.08
580,473,833,115,20250531,2,2,62.27,62.27,0.0,124.54,422.78
344,737,485,115,20250614,2,2,62.27,62.27,0.0,124.54,291.52
369,978,832,437,20250429,1,2,62.17,62.17,0.0,124.34,257.37
530,979,398,152,20250419,2,2,61.7,61.7,0.0,123.4,547.16
637,1998,37,152,20250418,2,2,61.7,61.7,0.0,123.4,298.98
1295,2302,144,266,20250517,1,2,61.67,61.67,0.0,123.34,275.39
781,776,639,399,20250423,2,2,61.6,61.6,0.0,123.2,232.42
1088,2066,385,399,20250413,2,2,61.6,61.6,0.0,123.2,340.0
1078,338,521,125,20250616,1,2,61.27,61.27,0.0,122.54,332.1
797,2758,657,125,20250521,1,2,61.27,61.27,0.0,122.54,266.9
767,3044,427,15,20250419,2,2,61.26,61.26,0.0,122.52,423.12
590,1299,512,352,20250413,1,2,61.12,61.12,0.0,122.24,324.12
915,2225,672,352,20250420,1,2,61.12,61.12,0.0,122.24,241.74
113,223,872,483,20250525,2,2,60.89,60.89,0.0,121.78,448.08
1272,3257,254,305,20250415,2,2,60.79,60.79,0.0,121.58,188.26
880,2492,380,129,20250419,2,2,60.68,60.68,0.0,121.36,242.44
354,1129,545,191,20250404,2,2,60.52,60.52,0.0,121.04,342.09
529,2450,566,111,20250414,2,2,60.36,60.36,0.0,120.72,341.18
202,828,972,54,20250528,2,2,60.33,60.33,0.0,120.66,516.82
13,2703,253,54,20250416,2,2,60.33,60.33,0.0,120.66,696.62
238,1261,958,433,20250519,1,2,60.12,60.12,0.0,120.24,378.22
513,825,474,347,20250614,1,2,59.92,59.92,0.0,119.84,441.25
292,1523,103,347,20250430,2,2,59.92,59.92,0.0,119.84,317.3
378,1245,943,472,20250417,2,2,59.9,59.9,0.0,119.8,354.21
1239,1667,253,472,20250528,1,2,59.9,59.9,0.0,119.8,385.12
1039,1439,460,380,20250613,2,2,59.84,59.84,0.0,119.68,405.63
1224,2261,461,391,20250419,1,2,59.77,59.77,0.0,119.54,172.89
768,2700,247,244,20250528,1,2,59.32,59.32,0.0,118.64,220.42
622,2395,217,78,20250426,1,2,59.21,59.21,0.0,118.42,194.57
113,3311,872,78,20250525,2,2,59.21,59.21,0.0,118.42,448.08
120,2251,999,166,20250606,1,2,58.73,65.26,6.53,117.47,431.8
262,1209,28,63,20250429,2,2,58.67,58.67,0.0,117.34,480.78
1290,1553,99,63,20250422,1,2,58.67,58.67,0.0,117.34,152.54
667,605,218,366,20250415,2,2,58.34,58.34,0.0,116.68,288.19
1348,1110,473,366,20250520,1,2,58.34,58.34,0.0,116.68,451.03
956,2898,456,22,20250531,2,2,58.26,58.26,0.0,116.52,166.11
505,3258,36,145,20250523,2,2,58.25,58.25,0.0,116.5,492.34
1322,2325,27,321,20250527,1,2,58.09,58.09,0.0,116.18,269.84
294,2448,489,321,20250617,1,2,58.09,58.09,0.0,116.18,290.39
444,1609,734,473,20250519,1,2,57.98,57.98,0.0,115.96,487.51
1313,2807,601,473,20250524,2,2,57.98,57.98,0.0,115.96,190.84
616,1292,838,7,20250423,1,2,57.66,57.66,0.0,115.32,243.91
1122,2105,609,227,20250616,1,2,57.51,57.51,0.0,115.02,412.92
967,630,496,493,20250426,2,2,57.37,57.37,0.0,114.74,281.54
346,1483,231,493,20250526,2,2,57.37,57.37,0.0,114.74,318.61
175,3318,113,223,20250418,2,2,57.36,57.36,0.0,114.72,339.82
1318,3212,265,49,20250518,1,2,57.35,57.35,0.0,114.7,323.18
407,133,12,213,20250421,2,2,57.31,57.31,0.0,114.62,560.0
1100,2462,837,222,20250617,1,2,57.19,57.19,0.0,114.38,262.86
146,1752,420,288,20250415,1,2,57.11,57.11,0.0,114.22,310.87
1160,2222,264,103,20250419,1,2,57.0,57.0,0.0,114.0,326.35
447,2233,727,103,20250419,2,2,57.0,57.0,0.0,114.0,433.9
601,1499,387,357,20250531,1,2,56.91,56.91,0.0,113.82,542.92
711,238,695,407,20250524,2,2,56.84,56.84,0.0,113.68,226.56
1326,13,883,294,20250518,1,2,56.69,56.69,0.0,113.38,310.98
644,268,374,100,20250404,1,2,56.44,56.44,0.0,112.88,231.66
711,396,695,100,20250524,2,2,56.44,56.44,0.0,112.88,226.56
124,2330,99,117,20250419,1,2,56.06,56.06,0.0,112.12,245.7
730,568,53,422,20250519,1,2,55.91,55.91,0.0,111.82,191.32
238,1527,958,265,20250519,1,2,55.25,55.25,0.0,110.5,378.22
264,75,131,124,20250531,2,2,55.04,55.04,0.0,110.08,253.51
165,2468,748,124,20250528,1,2,55.04,55.04,0.0,110.08,308.72
934,536,506,188,20250516,1,2,55.01,55.01,0.0,110.02,146.03
396,1221,612,188,20250528,1,2,55.01,55.01,0.0,110.02,567.23
1187,1283,365,188,20250414,1,2,55.01,55.01,0.0,110.02,161.42
333,3025,842,461,20250522,1,2,54.91,54.91,0.0,109.82,427.6
1269,1967,930,481,20250614,2,2,54.87,54.87,0.0,109.74,159.58
780,3014,407,481,20250413,2,2,54.87,54.87,0.0,109.74,242.5
6,1177,659,32,20250614,1,2,54.83,54.83,0.0,109.66,416.43
38,2431,484,168,20250526,1,2,54.74,54.74,0.0,109.48,440.7
781,2369,639,496,20250423,2,2,54.61,54.61,0.0,109.22,232.42
430,3064,654,45,20250418,1,2,54.16,54.16,0.0,108.32,346.27
537,61,897,154,20250430,1,2,53.74,53.74,0.0,107.48,254.97
1249,1162,467,221,20250613,1,2,53.7,53.7,0.0,107.4,139.01
165,2886,748,221,20250528,1,2,53.7,53.7,0.0,107.4,308.72
541,1331,877,127,20250427,2,2,53.67,53.67,0.0,107.34,505.76
212,1897,302,127,20250505,2,2,53.67,53.67,0.0,107.34,300.97
566,817,325,52,20250421,1,2,53.61,53.61,0.0,107.22,382.77
104,2337,373,52,20250420,2,2,53.61,53.61,0.0,107.22,555.25
354,744,545,368,20250404,2,2,53.48,53.48,0.0,106.96,342.09
1155,786,843,458,20250523,1,2,53.35,53.35,0.0,106.7,414.54
1335,1795,999,458,20250424,2,2,53.35,53.35,0.0,106.7,258.46
488,1647,682,331,20250515,1,2,53.34,53.34,0.0,106.68,479.79
285,485,415,73,20250529,2,2,53.25,53.25,0.0,106.5,448.77
1013,346,296,133,20250430,2,2,53.05,53.05,0.0,106.1,178.68
1195,679,403,133,20250422,2,2,53.05,53.05,0.0,106.1,137.94
815,1532,506,25,20250427,2,2,52.94,52.94,0.0,105.88,160.89
861,2372,99,25,20250421,1,2,52.94,52.94,0.0,105.88,406.56
282,2082,736,147,20250526,2,2,52.91,52.91,0.0,105.82,391.74
329,1428,388,299,20250404,1,2,52.65,52.65,0.0,105.3,605.24
838,1746,903,299,20250527,1,2,52.65,52.65,0.0,105.3,348.02
1196,3202,160,432,20250523,2,2,52.39,52.39,0.0,104.78,164.14
1052,2705,563,77,20250424,1,2,52.38,52.38,0.0,104.76,189.24
787,682,610,57,20250617,1,2,52.28,52.28,0.0,104.56,282.36
824,1679,604,445,20250505,1,2,52.28,52.28,0.0,104.56,223.28
799,1869,897,57,20250416,2,2,52.28,52.28,0.0,104.56,251.92
277,2171,791,217,20250526,1,2,52.12,52.12,0.0,104.24,534.45
853,2748,883,282,20250428,2,2,52.12,52.12,0.0,104.24,150.6
670,1441,820,275,20250527,2,2,52.11,52.11,0.0,104.22,173.7
566,3225,325,275,20250421,1,2,52.11,52.11,0.0,104.22,382.77
479,882,908,203,20250520,1,2,52.1,52.1,0.0,104.2,413.62
146,311,420,440,20250415,1,2,52.08,52.08,0.0,104.16,310.87
1275,1788,655,426,20250404,2,2,51.97,51.97,0.0,103.94,323.54
435,195,613,17,20250427,2,2,51.9,51.9,0.0,103.8,300.68
739,1993,885,468,20250505,2,2,51.8,51.8,0.0,103.6,350.65
937,2684,649,468,20250616,2,2,51.8,51.8,0.0,103.6,293.28
158,2612,813,361,20250413,1,2,51.76,51.76,0.0,103.52,393.98
348,3183,776,361,20250530,1,2,51.76,51.76,0.0,103.52,654.98
918,2824,226,341,20250415,1,2,51.4,51.4,0.0,102.8,256.76
262,960,28,170,20250429,2,2,51.27,51.27,0.0,102.54,480.78
885,879,922,28,20250422,2,2,51.18,51.18,0.0,102.36,273.51
209,2865,436,252,20250531,2,2,51.17,51.17,0.0,102.34,343.05
444,499,734,396,20250519,1,2,51.0,51.0,0.0,102.0,487.51
768,1770,247,421,20250528,1,2,50.89,50.89,0.0,101.78,220.42
612,2053,488,450,20250525,2,2,50.85,50.85,0.0,101.7,588.12
156,2142,819,273,20250524,1,2,50.72,50.72,0.0,101.44,364.16
318,700,681,488,20250417,1,2,50.68,50.68,0.0,101.36,376.3
1085,774,51,488,20250514,1,2,50.68,50.68,0.0,101.36,200.04
479,2289,908,253,20250520,1,2,50.55,50.55,0.0,101.1,413.62
377,1285,823,193,20250514,1,2,50.52,50.52,0.0,101.04,346.01
405,3153,657,370,20250520,1,2,50.34,50.34,0.0,100.68,455.67
1244,413,816,150,20250531,1,2,50.04,50.04,0.0,100.08,426.38
351,636,840,150,20250527,1,2,50.04,50.04,0.0,100.08,494.28
1205,3366,88,69,20250528,1,2,49.98,49.98,0.0,99.96,311.61
578,1313,849,487,20250425,2,2,49.84,49.84,0.0,99.68,357.46
760,1592,172,487,20250404,1,2,49.84,49.84,0.0,99.68,248.96
843,1717,551,487,20250606,2,2,49.84,49.84,0.0,99.68,232.34
610,2265,504,436,20250530,1,2,49.81,49.81,0.0,99.62,435.62
1016,1275,973,219,20250422,1,2,49.76,49.76,0.0,99.52,288.61
400,1362,928,219,20250421,2,2,49.76,49.76,0.0,99.52,487.91
489,1929,693,219,20250613,1,2,49.76,49.76,0.0,99.52,378.07
609,2108,946,219,20250522,2,2,49.76,49.76,0.0,99.52,340.38
637,3170,37,219,20250418,2,2,49.76,49.76,0.0,99.52,298.98
469,2214,180,268,20250525,1,2,49.59,49.59,0.0,99.18,316.23
245,255,673,43,20250529,1,2,49.4,49.4,0.0,98.8,221.6
369,2132,832,43,20250429,1,2,49.4,49.4,0.0,98.8,257.37
1085,2576,51,232,20250514,1,2,49.34,49.34,0.0,98.68,200.04
298,2960,401,232,20250518,1,2,49.34,49.34,0.0,98.68,376.14
350,2900,129,175,20250419,1,2,49.16,49.16,0.0,98.32,529.4
850,913,658,130,20250419,1,2,49.12,49.12,0.0,98.24,472.29
627,2212,973,216,20250523,2,2,48.86,48.86,0.0,97.72,467.58
221,849,107,295,20250516,1,2,48.73,48.73,0.0,97.46,466.16
10,1837,195,218,20250521,1,2,48.73,48.73,0.0,97.46,299.7
484,1389,218,301,20250426,2,2,48.72,48.72,0.0,97.44,209.26
326,750,472,460,20250419,1,2,48.64,48.64,0.0,97.28,666.64
906,1756,664,460,20250428,1,2,48.64,48.64,0.0,97.28,297.44
424,1200,956,34,20250522,2,2,48.34,48.34,0.0,96.68,397.38
314,2671,377,34,20250518,1,2,48.34,48.34,0.0,96.68,446.09
1343,1153,767,230,20250528,1,2,48.3,48.3,0.0,96.6,352.5
932,2923,323,189,20250614,2,2,48.12,48.12,0.0,96.24,317.29
35,2033,574,121,20250427,1,2,47.91,47.91,0.0,95.82,433.96
1328,474,201,409,20250616,1,2,47.84,47.84,0.0,95.68,143.15
1079,273,837,447,20250615,2,2,47.66,47.66,0.0,95.32,173.84
414,614,404,447,20250614,2,2,47.66,47.66,0.0,95.32,492.17
719,1560,992,482,20250422,1,2,47.59,47.59,0.0,95.18,381.98
265,1907,346,482,20250526,2,2,47.59,47.59,0.0,95.18,307.83
1259,2858,762,482,20250415,1,2,47.59,47.59,0.0,95.18,296.24
1263,1758,974,410,20250422,2,2,47.47,47.47,0.0,94.94,230.86
1040,1287,608,470,20250516,2,2,47.41,67.73,20.32,94.82,277.8
29,873,208,68,20250425,2,2,47.27,47.27,0.0,94.54,445.12
1066,23,340,118,20250514,1,2,46.99,46.99,0.0,93.98,415.38
299,1140,403,296,20250513,2,2,46.95,67.07,20.12,93.9,489.11
1149,778,948,449,20250530,1,2,46.9,46.9,0.0,93.8,441.5
1214,2659,280,275,20250606,1,2,46.9,52.11,5.21,93.8,301.3
129,2680,81,449,20250526,2,2,46.9,46.9,0.0,93.8,442.47
335,3265,642,132,20250415,2,2,46.9,46.9,0.0,93.8,747.5
588,1194,898,239,20250514,2,2,46.89,66.99,20.1,93.79,178.9
528,2367,921,239,20250517,2,2,46.89,66.99,20.1,93.79,333.83
131,2596,816,228,20250422,1,2,46.89,46.89,0.0,93.78,625.66
106,3041,21,136,20250425,1,2,46.8,46.8,0.0,93.6,298.75
1226,384,36,478,20250518,2,2,46.56,66.52,19.96,93.13,164.4
291,308,379,137,20250430,1,2,46.52,46.52,0.0,93.04,696.69
226,2965,575,137,20250423,2,2,46.52,46.52,0.0,93.04,401.31
199,1271,929,383,20250519,2,2,46.47,66.38,19.91,92.93,155.23
36,1774,475,200,20250528,1,2,46.41,46.41,0.0,92.82,380.74
714,2479,764,200,20250418,2,2,46.41,46.41,0.0,92.82,181.1
602,1540,284,345,20250428,1,2,46.36,46.36,0.0,92.72,447.92
704,1324,418,261,20250518,1,2,46.1,46.1,0.0,92.2,328.55
591,1782,525,62,20250523,1,2,46.09,46.09,0.0,92.18,616.58
133,2933,570,155,20250614,2,2,46.07,46.07,0.0,92.14,450.74
61,2379,444,333,20250526,2,2,46.04,46.04,0.0,92.08,370.24
1000,450,439,161,20250520,1,2,45.75,45.75,0.0,91.5,324.5
945,2013,304,161,20250417,1,2,45.75,45.75,0.0,91.5,295.02
514,1670,397,316,20250617,2,2,45.73,45.73,0.0,91.46,599.54
165,804,748,201,20250528,1,2,45.62,45.62,0.0,91.24,308.72
658,3084,835,201,20250616,2,2,45.62,45.62,0.0,91.24,374.25
1280,1798,647,20,20250423,2,2,45.42,45.42,0.0,90.84,168.2
982,1693,70,44,20250519,2,2,45.39,64.84,19.45,90.78,193.4
330,146,920,158,20250424,1,2,45.15,45.15,0.0,90.3,558.38
1219,608,234,158,20250514,1,2,45.15,45.15,0.0,90.3,274.11
289,3244,190,260,20250518,2,2,45.0,64.28,19.28,89.99,268.8
142,138,151,128,20250525,1,2,44.9,44.9,0.0,89.8,410.77
1049,2797,294,179,20250419,2,2,44.59,44.59,0.0,89.18,291.23
255,1081,509,322,20250430,1,2,44.45,44.45,0.0,88.9,187.46
498,276,9,55,20250525,1,2,44.32,44.32,0.0,88.64,509.91
890,1471,625,280,20250418,1,2,44.14,44.14,0.0,88.28,323.23
550,3180,190,280,20250516,1,2,44.14,44.14,0.0,88.28,335.22
714,3286,764,280,20250418,2,2,44.14,44.14,0.0,88.28,181.1
1199,2103,922,231,20250614,1,2,44.06,44.06,0.0,88.12,342.57
825,2196,643,38,20250513,2,2,43.96,62.8,18.84,87.92,295.16
138,342,106,277,20250614,1,2,43.92,43.92,0.0,87.84,406.4
969,1534,792,277,20250522,1,2,43.92,43.92,0.0,87.84,216.4
503,1931,341,277,20250522,1,2,43.92,43.92,0.0,87.84,297.86
1018,1009,462,312,20250516,1,2,43.84,43.84,0.0,87.68,272.08
751,1616,811,312,20250616,1,2,43.84,43.84,0.0,87.68,342.96
1201,3117,625,312,20250417,2,2,43.84,43.84,0.0,87.68,252.86
452,291,605,363,20250425,2,2,43.64,43.64,0.0,87.28,341.2
465,2284,783,363,20250614,1,2,43.64,43.64,0.0,87.28,572.22
1129,204,892,211,20250521,2,2,43.5,43.5,0.0,87.0,125.14
184,624,192,302,20250418,1,2,43.4,43.4,0.0,86.8,403.3
746,3010,522,429,20250516,1,2,43.34,43.34,0.0,86.68,302.4
168,2561,896,329,20250404,2,2,43.09,43.09,0.0,86.18,482.74
616,2396,838,102,20250423,1,2,43.06,43.06,0.0,86.12,243.91
1298,2018,993,24,20250516,1,2,42.76,42.76,0.0,85.52,115.34
264,2562,131,375,20250531,2,2,42.67,42.67,0.0,85.34,253.51
301,189,825,483,20250517,2,2,42.62,60.89,18.27,85.25,241.1
1052,2518,563,149,20250424,1,2,42.24,42.24,0.0,84.48,189.24
619,2725,895,324,20250515,2,2,42.22,60.31,18.09,84.43,232.25
506,633,963,309,20250423,1,2,42.14,42.14,0.0,84.28,570.95
952,2625,252,309,20250425,1,2,42.14,42.14,0.0,84.28,258.61
84,448,932,344,20250517,1,2,42.1,42.1,0.0,84.2,519.81
816,2156,456,99,20250515,2,2,41.85,59.78,17.93,83.69,160.14
386,231,445,144,20250421,2,2,41.84,41.84,0.0,83.68,323.99
926,2736,393,423,20250529,1,2,41.64,41.64,0.0,83.28,110.78
1119,1158,976,157,20250519,1,2,41.56,41.56,0.0,83.12,147.22
123,1359,769,157,20250521,2,2,41.56,41.56,0.0,83.12,410.04
11,820,187,289,20250520,2,2,41.51,41.51,0.0,83.02,327.88
528,1508,921,78,20250517,2,2,41.45,59.21,17.76,82.89,333.83
463,615,497,86,20250613,2,2,41.26,41.26,0.0,82.52,418.95
562,3327,225,86,20250418,2,2,41.26,41.26,0.0,82.52,552.4
621,103,86,63,20250515,2,2,41.07,58.67,17.6,82.14,263.25
387,374,2,74,20250420,1,2,40.94,40.94,0.0,81.88,362.98
979,2678,638,74,20250422,1,2,40.94,40.94,0.0,81.88,228.04
123,2926,769,471,20250521,2,2,40.92,40.92,0.0,81.84,410.04
849,1988,869,404,20250606,1,2,40.67,45.19,4.52,81.34,167.31
745,3006,556,285,20250428,1,2,40.63,40.63,0.0,81.26,120.29
470,1702,664,92,20250430,2,2,40.25,40.25,0.0,80.5,526.46
42,1882,191,92,20250531,2,2,40.25,40.25,0.0,80.5,186.91
1011,1550,161,292,20250417,2,2,40.12,40.12,0.0,80.24,212.87
1111,1757,687,325,20250418,2,2,39.78,39.78,0.0,79.56,204.48
730,236,53,143,20250519,1,2,39.75,39.75,0.0,79.5,191.32
808,3364,153,490,20250427,1,2,39.42,39.42,0.0,78.84,168.3
245,3231,673,178,20250529,1,2,39.34,39.34,0.0,78.68,221.6
371,3162,470,467,20250420,1,2,39.22,39.22,0.0,78.44,459.42
1158,1512,764,204,20250429,1,2,39.2,39.2,0.0,78.4,232.32
102,1673,692,204,20250614,2,2,39.2,39.2,0.0,78.4,289.57
1257,1920,510,204,20250527,1,2,39.2,39.2,0.0,78.4,420.75
441,1204,858,93,20250428,1,2,39.18,39.18,0.0,78.36,239.84
1327,1344,770,113,20250419,1,2,39.18,39.18,0.0,78.36,113.56
706,1423,268,93,20250505,2,2,39.18,39.18,0.0,78.36,118.14
94,286,165,141,20250413,1,2,39.16,39.16,0.0,78.32,396.88
156,2872,819,141,20250524,1,2,39.16,39.16,0.0,78.32,364.16
1273,1615,510,456,20250524,2,2,39.09,39.09,0.0,78.18,286.62
248,2003,99,96,20250423,2,2,39.03,39.03,0.0,78.06,478.04
686,3255,25,180,20250530,1,2,38.81,38.81,0.0,77.62,207.3
575,3228,5,438,20250427,2,2,38.74,38.74,0.0,77.48,400.38
1280,349,647,233,20250423,2,2,38.68,38.68,0.0,77.36,168.2
167,436,277,233,20250518,1,2,38.68,38.68,0.0,77.36,632.5
1059,2902,640,446,20250518,2,2,38.6,55.14,16.54,77.2,291.47
1185,1475,15,417,20250505,1,2,38.42,38.42,0.0,76.84,207.36
279,397,852,256,20250616,1,2,38.41,38.41,0.0,76.82,330.38
816,134,456,496,20250515,2,2,38.23,54.61,16.38,76.45,160.14
333,2399,842,240,20250522,1,2,38.14,38.14,0.0,76.28,427.6
67,3211,128,240,20250404,2,2,38.14,38.14,0.0,76.28,414.7
876,2683,513,387,20250423,2,2,38.06,38.06,0.0,76.12,142.9
292,162,103,500,20250430,2,2,38.03,38.03,0.0,76.06,317.3
637,2836,37,500,20250418,2,2,38.03,38.03,0.0,76.06,298.98
554,345,861,41,20250613,1,2,37.94,37.94,0.0,75.88,322.94
718,1361,952,45,20250517,2,2,37.91,54.16,16.25,75.82,180.9
180,2799,641,451,20250613,2,2,37.8,37.8,0.0,75.6,190.08
524,2968,144,267,20250515,2,2,37.74,53.91,16.17,75.47,284.65
1153,270,177,47,20250517,2,2,37.61,53.73,16.12,75.22,149.91
1184,2206,752,208,20250425,2,2,37.45,37.45,0.0,74.9,126.28
145,3312,135,208,20250520,1,2,37.45,37.45,0.0,74.9,391.58
854,563,254,85,20250416,1,2,37.35,37.35,0.0,74.7,255.78
1153,1246,177,458,20250517,2,2,37.34,53.35,16.0,74.69,149.91
1211,2787,346,408,20250523,2,2,37.17,37.17,0.0,74.34,317.66
577,47,958,492,20250527,1,2,37.12,37.12,0.0,74.24,161.54
233,3020,499,492,20250428,1,2,37.12,37.12,0.0,74.24,374.24
1182,1368,936,441,20250616,1,2,36.99,36.99,0.0,73.98,189.9
3,871,139,105,20250422,2,2,36.9,36.9,0.0,73.8,337.56
677,1183,827,105,20250614,1,2,36.9,36.9,0.0,73.8,112.89
509,2843,663,5,20250515,1,2,36.84,36.84,0.0,73.68,253.64
222,517,288,148,20250521,2,2,36.69,36.69,0.0,73.38,349.66
449,1196,749,148,20250523,1,2,36.69,36.69,0.0,73.38,274.72
905,1294,422,148,20250530,2,2,36.69,36.69,0.0,73.38,133.9
564,1753,511,148,20250528,1,2,36.69,36.69,0.0,73.38,351.54
1216,1845,915,148,20250427,2,2,36.69,36.69,0.0,73.38,105.22
529,542,566,151,20250414,2,2,36.47,36.47,0.0,72.94,341.18
147,2159,386,151,20250517,1,2,36.47,36.47,0.0,72.94,336.73
632,2642,144,203,20250516,2,2,36.47,52.1,15.63,72.94,240.4
274,2775,349,151,20250419,1,2,36.47,36.47,0.0,72.94,157.15
126,579,476,364,20250515,1,2,36.34,36.34,0.0,72.68,484.47
879,1713,387,364,20250427,1,2,36.34,36.34,0.0,72.68,206.99
337,2740,873,497,20250524,2,2,36.05,36.05,0.0,72.1,467.38
553,2587,804,336,20250518,2,2,35.85,51.22,15.37,71.71,276.39
389,1932,457,58,20250418,1,2,35.81,35.81,0.0,71.62,265.11
552,767,54,11,20250515,2,2,35.76,51.09,15.33,71.53,377.54
618,2605,653,259,20250419,2,2,35.73,35.73,0.0,71.46,227.85
1102,1450,624,255,20250514,2,2,35.7,51.0,15.3,71.4,214.7
289,164,190,488,20250518,2,2,35.48,50.68,15.2,70.95,268.8
886,5,53,414,20250525,1,2,35.2,35.2,0.0,70.4,240.1
999,275,416,414,20250616,1,2,35.2,35.2,0.0,70.4,109.62
1146,1972,15,414,20250524,1,2,35.2,35.2,0.0,70.4,326.72
896,1778,9,173,20250516,2,2,34.82,49.74,14.92,69.64,182.89
921,734,283,268,20250519,2,2,34.71,49.59,14.88,69.43,117.84
1220,1686,150,405,20250521,1,2,34.71,34.71,0.0,69.42,299.77
698,1003,96,343,20250516,1,2,34.39,34.39,0.0,68.78,260.26
484,515,218,91,20250426,2,2,33.95,33.95,0.0,67.9,209.26
725,1731,445,159,20250615,2,2,33.59,33.59,0.0,67.18,401.53
876,553,513,338,20250423,2,2,33.39,33.39,0.0,66.78,142.9
1169,77,490,169,20250516,1,2,32.94,32.94,0.0,65.88,122.99
260,301,41,209,20250514,1,2,32.41,32.41,0.0,64.82,528.34
810,1599,913,209,20250616,2,2,32.41,32.41,0.0,64.82,319.98
534,2022,652,453,20250422,2,2,32.05,32.05,0.0,64.1,385.1
1119,3080,976,453,20250519,1,2,32.05,32.05,0.0,64.1,147.22
904,1225,699,80,20250505,1,2,31.86,31.86,0.0,63.72,222.07
938,376,42,418,20250519,1,2,31.84,31.84,0.0,63.68,360.58
1294,623,407,418,20250422,1,2,31.84,31.84,0.0,63.68,249.28
1026,1889,190,418,20250519,1,2,31.84,31.84,0.0,63.68,218.4
406,1994,677,84,20250514,1,2,31.84,31.84,0.0,63.68,566.89
279,2429,852,84,20250616,1,2,31.84,31.84,0.0,63.68,330.38
360,2663,981,84,20250424,2,2,31.84,31.84,0.0,63.68,568.53
977,2893,415,84,20250422,2,2,31.84,31.84,0.0,63.68,189.74
862,1999,912,457,20250606,2,2,31.61,31.61,0.0,63.22,233.9
46,1595,386,258,20250614,2,2,31.48,31.48,0.0,62.96,133.43
1296,1487,331,128,20250518,2,2,31.43,44.9,13.47,62.86,108.54
700,1962,801,95,20250526,1,2,31.15,31.15,0.0,62.3,249.32
902,3143,656,95,20250529,2,2,31.15,31.15,0.0,62.3,305.5
371,991,470,30,20250420,1,2,31.09,31.09,0.0,62.18,459.42
175,1373,113,452,20250418,2,2,30.85,30.85,0.0,61.7,339.82
275,1794,58,452,20250418,2,2,30.85,30.85,0.0,61.7,391.32
301,631,825,363,20250517,2,2,30.55,43.64,13.09,61.1,241.1
755,2403,369,339,20250614,2,2,30.35,30.35,0.0,60.7,298.02
1200,3129,171,429,20250516,2,2,30.34,43.34,13.0,60.68,206.5
172,435,398,308,20250513,2,2,30.29,43.27,12.98,60.58,178.2
905,2235,422,171,20250530,2,2,30.26,30.26,0.0,60.52,133.9
485,695,822,241,20250613,1,2,29.82,29.82,0.0,59.64,225.79
85,2099,344,241,20250515,1,2,29.82,29.82,0.0,59.64,410.73
231,1019,453,88,20250424,1,2,29.81,29.81,0.0,59.62,385.35
1196,320,160,400,20250523,2,2,29.68,29.68,0.0,59.36,164.14
370,522,225,400,20250421,2,2,29.68,29.68,0.0,59.36,186.88
1320,1530,730,246,20250417,1,2,28.98,28.98,0.0,57.96,91.9
1349,2473,37,415,20250527,1,2,28.73,28.73,0.0,57.46,173.5
476,2526,511,18,20250517,2,2,28.69,40.99,12.3,57.39,302.38
848,445,500,350,20250606,2,2,27.62,27.62,0.0,55.24,181.08
949,823,91,350,20250530,1,2,27.62,27.62,0.0,55.24,87.45
23,1880,987,350,20250428,2,2,27.62,27.62,0.0,55.24,457.32
403,2256,476,65,20250427,2,2,27.45,27.45,0.0,54.9,336.24
336,14,790,119,20250617,1,2,27.34,27.34,0.0,54.68,536.47
553,2124,804,438,20250518,2,2,27.12,38.74,11.62,54.24,276.39
821,818,233,256,20250514,2,2,26.89,38.41,11.52,53.77,262.23
785,1705,393,174,20250531,2,2,26.41,26.41,0.0,52.82,200.97
1209,1704,90,120,20250420,1,2,25.7,25.7,0.0,51.4,208.57
1187,3226,365,120,20250414,1,2,25.7,25.7,0.0,51.4,161.42
1291,728,615,51,20250519,1,2,25.38,25.38,0.0,50.76,101.64
17,1658,516,51,20250429,1,2,25.38,25.38,0.0,50.76,515.1
960,620,237,14,20250528,1,2,24.96,24.96,0.0,49.92,223.28
1308,2922,872,122,20250514,1,2,24.8,24.8,0.0,49.6,254.26
632,1755,144,59,20250516,2,2,24.21,34.58,10.37,48.41,240.4
921,3199,283,59,20250519,2,2,24.21,34.58,10.37,48.41,117.84
180,1144,641,3,20250613,2,2,23.9,23.9,0.0,47.8,190.08
812,2505,256,235,20250421,1,2,23.68,23.68,0.0,47.36,246.26
819,652,653,355,20250426,1,2,21.38,21.38,0.0,42.76,143.36
328,2059,316,355,20250513,1,2,21.38,21.38,0.0,42.76,218.19
1173,3306,689,246,20250516,2,2,20.29,28.98,8.69,40.57,216.76
1060,423,648,245,20250518,2,2,17.44,24.91,7.47,34.87,64.19
1109,197,359,198,20250527,1,2,14.64,14.64,0.0,29.28,78.69
1304,3337,839,198,20250414,2,2,14.64,14.64,0.0,29.28,88.35
1042,715,822,195,20250513,2,2,11.68,16.69,5.01,23.37,45.5
576,845,20,284,20250613,1,3,81.79,81.79,0.0,245.37,537.95
488,1034,682,60,20250515,1,3,81.7,81.7,0.0,245.1,479.79
414,1217,404,60,20250614,2,3,81.7,81.7,0.0,245.1,492.17
505,1091,36,10,20250523,2,3,79.7,79.7,0.0,239.1,492.34
234,2791,198,269,20250520,2,3,77.59,77.59,0.0,232.77,533.21
318,1270,681,163,20250417,1,3,76.96,76.96,0.0,230.88,376.3
424,2842,956,163,20250522,2,3,76.96,76.96,0.0,230.88,397.38
433,1875,608,224,20250530,2,3,75.4,75.4,0.0,226.2,647.8
927,2592,233,224,20250615,2,3,75.4,75.4,0.0,226.2,371.36
221,985,107,459,20250516,1,3,75.17,75.17,0.0,225.51,466.16
782,2978,19,116,20250413,2,3,74.81,74.81,0.0,224.43,400.44
401,2215,397,359,20250415,1,3,74.28,74.28,0.0,222.84,523.89
210,352,392,272,20250522,1,3,74.17,74.17,0.0,222.51,598.88
338,2027,670,212,20250421,1,3,74.13,74.13,0.0,222.39,410.86
54,1332,517,104,20250528,2,3,73.78,73.78,0.0,221.34,416.34
495,479,762,420,20250429,1,3,72.58,72.58,0.0,217.74,780.29
1087,2254,628,420,20250524,2,3,72.58,72.58,0.0,217.74,364.9
426,2530,38,420,20250615,1,3,72.58,72.58,0.0,217.74,605.81
29,137,208,356,20250425,2,3,72.41,72.41,0.0,217.23,445.12
397,239,17,310,20250429,1,3,72.1,72.1,0.0,216.3,458.22
907,2136,113,310,20250418,1,3,72.1,72.1,0.0,216.3,247.13
715,3053,830,36,20250615,1,3,72.06,72.06,0.0,216.18,512.83
427,2875,401,337,20250617,2,3,71.72,71.72,0.0,215.16,525.37
229,336,699,6,20250616,1,3,70.86,70.86,0.0,212.58,543.17
1205,2970,88,167,20250528,1,3,70.55,70.55,0.0,211.65,311.61
391,1080,564,270,20250430,1,3,70.46,70.46,0.0,211.38,718.22
640,2497,196,360,20250418,2,3,69.48,69.48,0.0,208.44,521.41
1273,2557,510,360,20250524,2,3,69.48,69.48,0.0,208.44,286.62
772,1569,970,250,20250428,1,3,68.22,68.22,0.0,204.66,334.34
942,1776,75,250,20250429,1,3,68.22,68.22,0.0,204.66,376.17
1308,2240,872,250,20250514,1,3,68.22,68.22,0.0,204.66,254.26
207,1684,884,142,20250515,1,3,67.29,67.29,0.0,201.87,438.51
658,2971,835,296,20250616,2,3,67.07,67.07,0.0,201.21,374.25
944,3264,173,296,20250614,1,3,67.07,67.07,0.0,201.21,246.83
1259,3297,762,315,20250415,1,3,67.02,67.02,0.0,201.06,296.24
173,2024,279,239,20250515,1,3,66.99,66.99,0.0,200.97,535.45
112,1712,876,272,20250606,1,3,66.75,74.17,7.42,200.26,445.72
1029,626,554,131,20250417,1,3,66.63,66.63,0.0,199.89,229.7
240,122,270,281,20250531,2,3,65.94,65.94,0.0,197.82,757.22
164,655,442,19,20250417,2,3,65.26,65.26,0.0,195.78,604.53
820,1611,280,166,20250420,1,3,65.26,65.26,0.0,195.78,463.74
1225,3294,204,166,20250427,2,3,65.26,65.26,0.0,195.78,232.25
378,901,943,297,20250417,2,3,65.17,65.17,0.0,195.51,354.21
1006,1201,309,297,20250505,1,3,65.17,65.17,0.0,195.51,249.21
383,2895,451,297,20250415,2,3,65.17,65.17,0.0,195.51,504.66
242,2880,106,276,20250523,2,3,64.44,64.44,0.0,193.32,593.44
350,1563,129,260,20250419,1,3,64.28,64.28,0.0,192.84,529.4
285,256,415,194,20250529,2,3,64.11,64.11,0.0,192.33,448.77
68,439,413,237,20250523,1,3,64.08,64.08,0.0,192.24,740.54
1179,777,462,469,20250429,1,3,64.08,64.08,0.0,192.24,250.58
17,1136,516,371,20250429,1,3,63.82,63.82,0.0,191.46,515.1
620,1281,65,371,20250520,1,3,63.82,63.82,0.0,191.46,426.3
1237,2896,305,371,20250428,1,3,63.82,63.82,0.0,191.46,400.86
397,959,17,372,20250429,1,3,63.79,63.79,0.0,191.37,458.22
645,667,776,385,20250414,1,3,63.23,63.23,0.0,189.69,640.26
329,514,388,206,20250404,1,3,63.03,63.03,0.0,189.09,605.24
1016,1038,973,206,20250422,1,3,63.03,63.03,0.0,189.09,288.61
486,1623,241,236,20250419,2,3,62.93,62.93,0.0,188.79,291.32
314,2106,377,317,20250518,1,3,62.63,62.63,0.0,187.89,446.09
343,2699,170,382,20250617,2,3,62.52,62.52,0.0,187.56,587.46
201,2761,675,192,20250527,2,3,62.48,62.48,0.0,187.44,492.32
96,1870,135,378,20250420,1,3,62.39,62.39,0.0,187.17,522.01
490,93,854,323,20250524,2,3,62.34,62.34,0.0,187.02,454.26
700,2335,801,323,20250526,1,3,62.34,62.34,0.0,187.02,249.32
525,1898,908,437,20250521,2,3,62.17,62.17,0.0,186.51,380.43
1054,2667,493,50,20250428,2,3,61.95,61.95,0.0,185.85,238.03
253,1418,233,444,20250427,2,3,61.78,61.78,0.0,185.34,422.76
702,3342,764,134,20250529,2,3,61.75,61.75,0.0,185.25,333.21
142,1161,151,266,20250525,1,3,61.67,61.67,0.0,185.01,410.77
400,1452,928,35,20250421,2,3,61.61,61.61,0.0,184.83,487.91
90,2551,2,399,20250526,1,3,61.6,61.6,0.0,184.8,377.12
75,2732,469,399,20250522,2,3,61.6,61.6,0.0,184.8,526.82
85,76,344,123,20250515,1,3,61.51,61.51,0.0,184.53,410.73
1219,3324,234,125,20250514,1,3,61.27,61.27,0.0,183.81,274.11
190,752,247,15,20250617,2,3,61.26,61.26,0.0,183.78,291.5
305,3105,878,305,20250428,1,3,60.79,60.79,0.0,182.37,541.03
430,2026,654,129,20250418,1,3,60.68,60.68,0.0,182.04,346.27
1306,2540,188,191,20250615,1,3,60.52,60.52,0.0,181.56,334.56
362,3159,861,191,20250525,2,3,60.52,60.52,0.0,181.56,514.28
1055,574,492,111,20250521,2,3,60.36,60.36,0.0,181.08,297.78
854,1212,254,111,20250416,1,3,60.36,60.36,0.0,181.08,255.78
503,178,341,347,20250522,1,3,59.92,59.92,0.0,179.76,297.86
222,1675,288,347,20250521,2,3,59.92,59.92,0.0,179.76,349.66
198,785,302,466,20250423,2,3,59.9,59.9,0.0,179.7,458.63
1262,1975,456,472,20250428,1,3,59.9,59.9,0.0,179.7,345.74
878,1924,800,391,20250416,1,3,59.77,59.77,0.0,179.31,309.83
823,2418,323,391,20250424,2,3,59.77,59.77,0.0,179.31,480.96
475,1351,831,464,20250428,2,3,59.58,59.58,0.0,178.74,513.94
167,1088,277,160,20250518,1,3,59.38,59.38,0.0,178.14,632.5
620,3100,65,160,20250520,1,3,59.38,59.38,0.0,178.14,426.3
603,3234,182,186,20250531,2,3,59.35,59.35,0.0,178.05,367.01
312,426,72,390,20250531,1,3,59.33,59.33,0.0,177.99,509.07
1113,2210,958,390,20250419,2,3,59.33,59.33,0.0,177.99,304.05
469,1548,180,244,20250525,1,3,59.32,59.32,0.0,177.96,316.23
129,805,81,78,20250526,2,3,59.21,59.21,0.0,177.63,442.47
394,1109,435,78,20250615,1,3,59.21,59.21,0.0,177.63,456.05
1189,2058,131,78,20250424,1,3,59.21,59.21,0.0,177.63,443.88
1112,290,953,384,20250425,2,3,58.94,58.94,0.0,176.82,229.4
382,1720,99,384,20250426,1,3,58.94,58.94,0.0,176.82,692.47
708,3260,951,247,20250416,2,3,58.86,58.86,0.0,176.58,231.49
782,2747,19,63,20250413,2,3,58.67,58.67,0.0,176.01,400.44
747,313,442,22,20250421,2,3,58.26,58.26,0.0,174.78,250.93
86,512,453,22,20250615,2,3,58.26,58.26,0.0,174.78,709.19
952,477,252,225,20250425,1,3,58.11,58.11,0.0,174.33,258.61
195,743,220,101,20250520,2,3,58.11,58.11,0.0,174.33,699.78
859,3310,39,225,20250522,1,3,58.11,58.11,0.0,174.33,289.32
1007,2288,53,321,20250416,2,3,58.09,58.09,0.0,174.27,437.52
870,2930,386,223,20250528,2,3,57.36,57.36,0.0,172.08,363.72
774,1218,798,27,20250522,2,3,57.35,57.35,0.0,172.05,335.05
795,550,741,210,20250421,2,3,57.32,57.32,0.0,171.96,275.01
461,1343,607,213,20250527,1,3,57.31,57.31,0.0,171.93,439.03
667,2190,218,53,20250415,2,3,57.17,57.17,0.0,171.51,288.19
942,2301,75,53,20250429,1,3,57.17,57.17,0.0,171.51,376.17
566,1250,325,288,20250421,1,3,57.11,57.11,0.0,171.33,382.77
602,1066,284,103,20250428,1,3,57.0,57.0,0.0,171.0,447.92
703,2160,660,103,20250505,1,3,57.0,57.0,0.0,171.0,472.8
247,1348,672,407,20250404,2,3,56.84,56.84,0.0,170.52,288.21
1218,19,497,100,20250423,2,3,56.44,56.44,0.0,169.32,293.92
548,1327,916,485,20250425,2,3,56.2,56.2,0.0,168.6,635.8
164,1637,442,485,20250417,2,3,56.2,56.2,0.0,168.6,604.53
275,3042,58,117,20250418,2,3,56.06,56.06,0.0,168.18,391.32
214,3008,572,422,20250428,2,3,55.91,55.91,0.0,167.73,583.42
85,2475,344,156,20250515,1,3,55.52,55.52,0.0,166.56,410.73
1285,3314,581,156,20250531,2,3,55.52,55.52,0.0,166.56,395.24
106,167,21,97,20250425,1,3,55.27,55.27,0.0,165.81,298.75
1201,703,625,107,20250417,2,3,55.06,55.06,0.0,165.18,252.86
818,1120,473,107,20250616,1,3,55.06,55.06,0.0,165.18,250.7
1230,3360,954,107,20250519,1,3,55.06,55.06,0.0,165.18,220.21
452,2346,605,264,20250425,2,3,55.01,55.01,0.0,165.03,341.2
136,2002,206,461,20250614,1,3,54.91,54.91,0.0,164.73,357.39
1108,120,58,481,20250527,1,3,54.87,54.87,0.0,164.61,194.29
407,1568,12,45,20250421,2,3,54.16,54.16,0.0,162.48,560.0
330,1803,920,267,20250424,1,3,53.91,53.91,0.0,161.73,558.38
857,3114,133,154,20250416,2,3,53.74,53.74,0.0,161.22,377.18
1309,1191,131,47,20250419,2,3,53.73,53.73,0.0,161.19,299.49
3,1288,139,127,20250422,2,3,53.67,53.67,0.0,161.01,337.56
557,2660,194,52,20250425,2,3,53.61,53.61,0.0,160.83,423.11
1161,2087,152,494,20250426,2,3,53.52,53.52,0.0,160.56,282.2
976,564,682,196,20250606,1,3,53.47,59.41,5.94,160.41,220.59
258,809,94,331,20250529,1,3,53.34,53.34,0.0,160.02,439.49
351,2549,840,73,20250527,1,3,53.25,53.25,0.0,159.75,494.28
833,1372,511,40,20250429,1,3,53.19,53.19,0.0,159.57,217.91
375,2616,819,133,20250414,1,3,53.05,53.05,0.0,159.15,420.74
640,2300,196,262,20250418,2,3,52.94,52.94,0.0,158.82,521.41
184,3016,192,25,20250418,1,3,52.94,52.94,0.0,158.82,403.3
163,3344,283,25,20250520,2,3,52.94,52.94,0.0,158.82,622.18
1206,59,701,75,20250419,1,3,52.83,52.83,0.0,158.49,310.54
515,756,189,299,20250520,1,3,52.65,52.65,0.0,157.95,627.9
345,592,929,220,20250414,1,3,52.6,52.6,0.0,157.8,648.04
1209,1139,90,432,20250420,1,3,52.39,52.39,0.0,157.17,208.57
225,1816,806,440,20250520,2,3,52.08,52.08,0.0,156.24,540.02
103,1876,76,440,20250613,1,3,52.08,52.08,0.0,156.24,452.53
1229,3051,503,440,20250529,2,3,52.08,52.08,0.0,156.24,343.99
500,465,348,76,20250426,1,3,51.7,51.7,0.0,155.1,680.33
225,2881,806,76,20250520,2,3,51.7,51.7,0.0,155.1,540.02
252,1747,836,480,20250418,2,3,51.63,51.63,0.0,154.89,336.11
1123,3164,18,480,20250527,1,3,51.63,51.63,0.0,154.89,342.14
1342,2281,990,279,20250523,1,3,51.58,51.58,0.0,154.74,469.26
705,2618,47,37,20250418,1,3,51.33,51.33,0.0,153.99,190.64
396,1401,612,170,20250528,1,3,51.27,51.27,0.0,153.81,567.23
575,807,5,336,20250427,2,3,51.22,51.22,0.0,153.66,400.38
989,1447,22,336,20250527,1,3,51.22,51.22,0.0,153.66,287.64
1322,2100,27,336,20250527,1,3,51.22,51.22,0.0,153.66,269.84
798,3275,565,336,20250404,1,3,51.22,51.22,0.0,153.66,341.26
463,224,497,252,20250613,2,3,51.17,51.17,0.0,153.51,418.95
965,63,988,255,20250527,1,3,51.0,51.0,0.0,153.0,316.76
525,911,908,255,20250521,2,3,51.0,51.0,0.0,153.0,380.43
1306,2889,188,255,20250615,1,3,51.0,51.0,0.0,153.0,334.56
1053,53,620,421,20250414,1,3,50.89,50.89,0.0,152.67,300.19
801,171,876,421,20250404,1,3,50.89,50.89,0.0,152.67,476.87
135,2574,607,421,20250515,1,3,50.89,50.89,0.0,152.67,702.11
467,1032,220,290,20250420,2,3,50.86,50.86,0.0,152.58,425.23
112,34,876,100,20250606,1,3,50.8,56.44,5.64,152.39,445.72
272,1561,718,278,20250505,2,3,50.41,50.41,0.0,151.23,487.95
603,1630,182,419,20250531,2,3,50.34,50.34,0.0,151.02,367.01
1062,1108,100,69,20250505,2,3,49.98,49.98,0.0,149.94,268.2
285,3287,415,69,20250529,2,3,49.98,49.98,0.0,149.94,448.77
760,781,172,219,20250404,1,3,49.76,49.76,0.0,149.28,248.96
470,883,664,219,20250430,2,3,49.76,49.76,0.0,149.28,526.46
842,266,636,173,20250421,2,3,49.74,49.74,0.0,149.22,181.08
421,388,230,268,20250519,1,3,49.59,49.59,0.0,148.77,310.51
158,1096,813,43,20250413,1,3,49.4,49.4,0.0,148.2,393.98
306,1541,566,232,20250426,1,3,49.34,49.34,0.0,148.02,257.31
922,1983,246,232,20250523,1,3,49.34,49.34,0.0,148.02,342.07
556,3002,751,232,20250430,1,3,49.34,49.34,0.0,148.02,553.83
256,2129,881,138,20250521,1,3,49.21,49.21,0.0,147.63,432.34
238,2844,958,175,20250519,1,3,49.16,49.16,0.0,147.48,378.22
672,1255,807,300,20250425,2,3,48.88,48.88,0.0,146.64,337.28
909,988,739,295,20250422,2,3,48.73,48.73,0.0,146.19,461.34
986,2572,735,295,20250523,2,3,48.73,48.73,0.0,146.19,229.64
979,2282,638,301,20250422,1,3,48.72,48.72,0.0,146.16,228.04
328,2457,316,34,20250513,1,3,48.34,48.34,0.0,145.02,218.19
971,3332,58,34,20250521,2,3,48.34,48.34,0.0,145.02,185.94
797,1265,657,189,20250521,1,3,48.12,48.12,0.0,144.36,266.9
580,1558,833,455,20250531,2,3,48.03,48.03,0.0,144.09,422.78
1017,2064,613,455,20250522,2,3,48.03,48.03,0.0,144.09,274.38
389,144,457,121,20250418,1,3,47.91,47.91,0.0,143.73,265.11
221,749,107,185,20250516,1,3,47.73,47.73,0.0,143.19,466.16
375,2471,819,185,20250414,1,3,47.73,47.73,0.0,143.19,420.74
299,3325,403,486,20250513,2,3,47.62,68.03,20.41,142.86,489.11
1127,2277,144,482,20250513,1,3,47.59,47.59,0.0,142.77,281.04
309,173,365,410,20250525,2,3,47.47,47.47,0.0,142.41,414.75
593,1062,758,254,20250616,2,3,47.44,47.44,0.0,142.32,303.48
10,2582,195,254,20250521,1,3,47.44,47.44,0.0,142.32,299.7
158,2523,813,479,20250413,1,3,47.42,47.42,0.0,142.26,393.98
86,1449,453,68,20250615,2,3,47.27,47.27,0.0,141.81,709.19
1234,1687,641,132,20250423,2,3,46.9,46.9,0.0,140.7,338.34
1135,2318,946,228,20250520,2,3,46.89,46.89,0.0,140.67,202.84
309,2622,365,349,20250525,2,3,46.72,46.72,0.0,140.16,414.75
334,1391,675,200,20250529,2,3,46.41,46.41,0.0,139.23,496.23
483,1545,547,386,20250606,1,3,46.24,51.38,5.14,138.73,358.54
794,460,215,351,20250524,2,3,46.11,46.11,0.0,138.33,230.88
216,2345,968,351,20250522,1,3,46.11,46.11,0.0,138.33,238.58
1309,2617,131,261,20250419,2,3,46.1,46.1,0.0,138.3,299.49
1127,2452,144,62,20250513,1,3,46.09,46.09,0.0,138.27,281.04
659,3184,656,155,20250417,2,3,46.07,46.07,0.0,138.21,610.09
855,1665,710,94,20250521,2,3,45.8,45.8,0.0,137.4,390.32
347,1025,769,316,20250518,1,3,45.73,45.73,0.0,137.19,402.53
126,401,476,229,20250515,1,3,45.58,45.58,0.0,136.74,484.47
505,1464,36,229,20250523,2,3,45.58,45.58,0.0,136.74,492.34
642,829,796,128,20250519,1,3,44.9,44.9,0.0,134.7,504.5
879,2067,387,12,20250427,1,3,44.77,44.77,0.0,134.31,206.99
376,181,497,372,20250519,2,3,44.65,63.79,19.14,133.96,195.76
242,640,106,179,20250523,2,3,44.59,44.59,0.0,133.77,593.44
98,594,879,322,20250520,1,3,44.45,44.45,0.0,133.35,413.91
29,3039,208,322,20250425,2,3,44.45,44.45,0.0,133.35,445.12
1011,1620,161,489,20250417,2,3,44.21,44.21,0.0,132.63,212.87
779,976,577,280,20250417,2,3,44.14,44.14,0.0,132.42,194.09
309,1092,365,231,20250525,2,3,44.06,44.06,0.0,132.18,414.75
404,1956,929,231,20250526,1,3,44.06,44.06,0.0,132.18,225.88
426,284,38,411,20250615,1,3,43.94,43.94,0.0,131.82,605.81
1254,1498,103,312,20250526,2,3,43.84,43.84,0.0,131.52,492.02
506,1064,963,363,20250423,1,3,43.64,43.64,0.0,130.92,570.95
56,763,223,211,20250529,2,3,43.5,43.5,0.0,130.5,337.98
54,2721,517,211,20250528,2,3,43.5,43.5,0.0,130.5,416.34
21,240,685,374,20250614,1,3,43.43,43.43,0.0,130.29,538.23
1017,2980,613,374,20250522,2,3,43.43,43.43,0.0,130.29,274.38
334,2262,675,302,20250529,2,3,43.4,43.4,0.0,130.2,496.23
1168,955,492,434,20250613,1,3,43.14,43.14,0.0,129.42,296.37
482,1233,272,329,20250524,2,3,43.09,43.09,0.0,129.27,306.9
87,3040,863,102,20250414,1,3,43.06,43.06,0.0,129.18,350.92
510,2243,892,369,20250430,1,3,43.04,43.04,0.0,129.12,227.01
432,644,432,24,20250420,1,3,42.76,42.76,0.0,128.28,432.21
527,1141,160,24,20250528,1,3,42.76,42.76,0.0,128.28,420.5
488,1555,682,375,20250515,1,3,42.67,42.67,0.0,128.01,479.79
701,666,855,177,20250613,2,3,42.66,42.66,0.0,127.98,340.18
171,1097,158,177,20250415,1,3,42.66,42.66,0.0,127.98,564.17
33,205,805,395,20250423,1,3,42.31,42.31,0.0,126.93,227.32
362,3119,861,309,20250525,2,3,42.14,42.14,0.0,126.42,514.28
1193,795,864,202,20250415,1,3,41.88,41.88,0.0,125.64,388.54
1111,1766,687,423,20250418,2,3,41.64,41.64,0.0,124.92,204.48
1134,2380,580,423,20250528,2,3,41.64,41.64,0.0,124.92,324.16
24,689,750,63,20250513,2,3,41.07,58.67,17.6,123.21,173.28
664,1825,493,18,20250614,2,3,40.99,40.99,0.0,122.97,353.01
259,3086,48,145,20250519,2,3,40.78,58.25,17.47,122.33,296.87
441,68,858,1,20250428,1,3,40.41,40.41,0.0,121.23,239.84
880,2783,380,16,20250419,2,3,40.36,40.36,0.0,121.08,242.44
305,2116,878,292,20250428,1,3,40.12,40.12,0.0,120.36,541.03
509,2746,663,475,20250515,1,3,39.69,39.69,0.0,119.07,253.64
632,1653,144,294,20250516,2,3,39.68,56.69,17.01,119.05,240.4
822,1963,690,294,20250518,2,3,39.68,56.69,17.01,119.05,202.69
576,1198,20,283,20250613,1,3,39.62,39.62,0.0,118.86,537.95
1062,1192,100,490,20250505,2,3,39.42,39.42,0.0,118.26,268.2
1086,2987,561,490,20250417,1,3,39.42,39.42,0.0,118.26,224.18
151,129,818,178,20250414,1,3,39.34,39.34,0.0,118.02,396.18
401,2344,397,204,20250415,1,3,39.2,39.2,0.0,117.6,523.89
511,3155,754,204,20250404,1,3,39.2,39.2,0.0,117.6,515.44
332,3349,932,204,20250524,2,3,39.2,39.2,0.0,117.6,380.25
425,1583,124,113,20250416,1,3,39.18,39.18,0.0,117.54,341.94
1208,150,388,211,20250606,1,3,39.15,43.5,4.35,117.45,454.1
80,2766,735,456,20250525,1,3,39.09,39.09,0.0,117.27,369.31
294,1069,489,477,20250617,1,3,38.9,38.9,0.0,116.7,290.39
1055,1781,492,477,20250521,2,3,38.9,38.9,0.0,116.7,297.78
830,190,659,180,20250614,2,3,38.81,38.81,0.0,116.43,226.8
344,2792,485,180,20250614,2,3,38.81,38.81,0.0,116.43,291.52
1349,1376,37,233,20250527,1,3,38.68,38.68,0.0,116.04,173.5
189,2041,684,376,20250425,1,3,38.52,38.52,0.0,115.56,371.17
1165,2885,664,376,20250422,1,3,38.52,38.52,0.0,115.56,154.08
618,1645,653,484,20250419,2,3,38.49,38.49,0.0,115.47,227.85
645,2259,776,484,20250414,1,3,38.49,38.49,0.0,115.47,640.26
406,1840,677,417,20250514,1,3,38.42,38.42,0.0,115.26,566.89
281,672,730,304,20250517,2,3,38.42,54.88,16.46,115.25,375.37
392,1760,975,256,20250521,1,3,38.41,38.41,0.0,115.23,202.88
619,3161,895,389,20250515,2,3,38.33,54.76,16.43,115.0,232.25
859,865,39,498,20250522,1,3,38.33,38.33,0.0,114.99,289.32
1344,1013,857,498,20250421,2,3,38.33,38.33,0.0,114.99,179.43
210,1451,392,240,20250522,1,3,38.14,38.14,0.0,114.42,598.88
1137,2940,505,240,20250517,1,3,38.14,38.14,0.0,114.42,380.37
201,1639,675,387,20250527,2,3,38.06,38.06,0.0,114.18,492.32
354,251,545,500,20250404,2,3,38.03,38.03,0.0,114.09,342.09
896,101,9,439,20250516,2,3,37.75,53.93,16.18,113.25,182.89
1095,2458,109,85,20250616,1,3,37.35,37.35,0.0,112.05,261.45
556,2855,751,408,20250430,1,3,37.17,37.17,0.0,111.51,553.83
981,2455,733,215,20250415,1,3,37.11,37.11,0.0,111.33,149.36
1064,1395,670,105,20250418,1,3,36.9,36.9,0.0,110.7,286.5
593,267,758,251,20250616,2,3,36.88,36.88,0.0,110.64,303.48
1292,876,338,5,20250421,1,3,36.84,36.84,0.0,110.52,390.07
830,1082,659,248,20250614,2,3,36.79,36.79,0.0,110.37,226.8
356,3208,59,282,20250513,2,3,36.48,52.12,15.64,109.45,344.13
943,661,230,17,20250516,2,3,36.33,51.9,15.57,108.99,210.59
957,2034,181,480,20250515,2,3,36.14,51.63,15.49,108.42,212.16
742,859,123,427,20250420,2,3,36.01,36.01,0.0,108.03,227.27
310,2348,726,259,20250418,1,3,35.73,35.73,0.0,107.19,503.83
1316,1690,392,396,20250515,2,3,35.7,51.0,15.3,107.1,134.98
724,903,227,313,20250530,1,3,35.69,35.69,0.0,107.07,183.62
482,2430,272,313,20250524,2,3,35.69,35.69,0.0,107.07,306.9
61,884,444,414,20250526,2,3,35.2,35.2,0.0,105.6,370.24
20,3077,638,414,20250404,1,3,35.2,35.2,0.0,105.6,665.8
1330,1071,277,454,20250404,2,3,35.16,35.16,0.0,105.48,343.78
718,3013,952,150,20250517,2,3,35.03,50.04,15.01,105.08,180.9
957,1855,181,43,20250515,2,3,34.58,49.4,14.82,103.74,212.16
43,408,217,402,20250415,2,3,34.45,34.45,0.0,103.35,478.95
844,1586,802,402,20250525,1,3,34.45,34.45,0.0,103.35,233.87
198,783,302,343,20250423,2,3,34.39,34.39,0.0,103.17,458.63
993,802,99,343,20250421,1,3,34.39,34.39,0.0,103.17,311.37
232,30,285,342,20250530,2,3,34.35,34.35,0.0,103.05,561.55
795,3009,741,342,20250421,2,3,34.35,34.35,0.0,103.05,275.01
136,861,206,13,20250614,1,3,34.25,34.25,0.0,102.75,357.39
3,2427,139,13,20250422,2,3,34.25,34.25,0.0,102.75,337.56
858,746,659,388,20250514,1,3,34.23,34.23,0.0,102.69,142.03
943,2730,230,274,20250516,2,3,33.87,48.38,14.51,101.6,210.59
537,282,897,139,20250430,1,3,33.59,33.59,0.0,100.77,254.97
1097,1865,271,139,20250615,2,3,33.59,33.59,0.0,100.77,228.41
728,1601,258,132,20250518,2,3,32.83,46.9,14.07,98.49,309.68
624,2825,223,345,20250513,2,3,32.45,46.36,13.91,97.36,383.49
961,965,613,209,20250617,1,3,32.41,32.41,0.0,97.23,282.53
405,3158,657,209,20250520,1,3,32.41,32.41,0.0,97.23,455.67
124,1708,99,418,20250419,1,3,31.84,31.84,0.0,95.52,245.7
102,2686,692,418,20250614,2,3,31.84,31.84,0.0,95.52,289.57
1243,2884,263,90,20250519,1,3,31.67,31.67,0.0,95.01,138.93
301,321,825,89,20250517,2,3,31.58,45.12,13.54,94.75,241.1
8,2107,277,30,20250526,2,3,31.09,31.09,0.0,93.27,408.13
112,1504,876,348,20250606,1,3,31.02,34.47,3.45,93.07,445.72
794,957,215,452,20250524,2,3,30.85,30.85,0.0,92.55,230.88
146,613,420,401,20250415,1,3,30.83,30.83,0.0,92.49,310.87
248,1470,99,431,20250423,2,3,30.41,30.41,0.0,91.23,478.04
147,2793,386,431,20250517,1,3,30.41,30.41,0.0,91.23,336.73
543,962,896,339,20250426,1,3,30.35,30.35,0.0,91.05,403.83
136,2485,206,39,20250614,1,3,29.97,29.97,0.0,89.91,357.39
808,1236,153,241,20250427,1,3,29.82,29.82,0.0,89.46,168.3
589,310,160,88,20250617,2,3,29.81,29.81,0.0,89.43,372.08
104,1910,373,88,20250420,2,3,29.81,29.81,0.0,89.43,555.25
757,3111,161,88,20250426,1,3,29.81,29.81,0.0,89.43,309.83
452,850,605,81,20250425,2,3,29.63,29.63,0.0,88.89,341.2
849,1807,869,84,20250606,1,3,28.66,31.84,3.18,85.97,167.31
621,2589,86,74,20250515,2,3,28.66,40.94,12.28,85.97,263.25
347,1371,769,462,20250518,1,3,28.58,28.58,0.0,85.74,402.53
476,3293,511,1,20250517,2,3,28.29,40.41,12.12,84.86,302.38
822,2456,690,328,20250518,2,3,27.88,39.83,11.95,83.64,202.69
615,2914,23,328,20250516,2,3,27.88,39.83,11.95,83.64,207.29
191,1022,367,120,20250523,2,3,25.7,25.7,0.0,77.1,381.4
321,6,779,46,20250531,2,3,25.15,25.15,0.0,75.45,465.62
216,943,968,46,20250522,1,3,25.15,25.15,0.0,75.45,238.58
1313,686,601,14,20250524,2,3,24.96,24.96,0.0,74.88,190.84
411,2785,207,414,20250513,2,3,24.64,35.2,10.56,73.92,393.19
1333,1936,215,402,20250514,2,3,24.12,34.45,10.34,72.34,115.4
1226,1502,36,298,20250518,2,3,23.76,33.94,10.18,71.27,164.4
511,1965,754,235,20250404,1,3,23.68,23.68,0.0,71.04,515.44
588,1468,898,82,20250514,2,3,22.55,32.21,9.66,67.64,178.9
341,3315,816,90,20250513,2,3,22.17,31.67,9.5,66.51,449.94
524,772,144,457,20250515,2,3,22.13,31.61,9.48,66.38,284.65
229,3036,699,114,20250616,1,3,21.53,21.53,0.0,64.59,543.17
491,2420,699,355,20250523,1,3,21.38,21.38,0.0,64.14,560.98
425,466,124,198,20250416,1,3,14.64,14.64,0.0,43.92,341.94
1243,2414,263,198,20250519,1,3,14.64,14.64,0.0,43.92,138.93
68,15,413,238,20250523,1,4,85.9,85.9,0.0,343.6,740.54
13,3276,253,284,20250416,2,4,81.79,81.79,0.0,327.16,696.62
160,431,1,60,20250425,2,4,81.7,81.7,0.0,326.8,663.69
756,1073,499,60,20250613,1,4,81.7,81.7,0.0,326.8,481.76
511,1514,754,60,20250404,1,4,81.7,81.7,0.0,326.8,515.44
591,2741,525,146,20250523,1,4,81.06,81.06,0.0,324.24,616.58
1210,1480,864,71,20250617,2,4,80.76,80.76,0.0,323.04,543.2
1310,483,798,10,20250522,1,4,79.7,79.7,0.0,318.8,504.88
240,544,270,10,20250531,2,4,79.7,79.7,0.0,318.8,757.22
371,847,470,10,20250420,1,4,79.7,79.7,0.0,318.8,459.42
1342,1685,990,182,20250523,1,4,78.63,78.63,0.0,314.52,469.26
736,2135,505,257,20250414,1,4,77.9,77.9,0.0,311.6,572.2
863,2773,39,269,20250417,1,4,77.59,77.59,0.0,310.36,384.64
1155,575,843,163,20250523,1,4,76.96,76.96,0.0,307.84,414.54
571,1309,191,392,20250523,2,4,75.47,75.47,0.0,301.88,859.38
326,2147,472,392,20250419,1,4,75.47,75.47,0.0,301.88,666.64
571,2560,191,224,20250523,2,4,75.4,75.4,0.0,301.6,859.38
1084,1660,477,459,20250428,1,4,75.17,75.17,0.0,300.68,495.83
131,1663,816,459,20250422,1,4,75.17,75.17,0.0,300.68,625.66
861,2213,99,459,20250421,1,4,75.17,75.17,0.0,300.68,406.56
581,1304,125,116,20250531,1,4,74.81,74.81,0.0,299.24,516.66
470,1103,664,272,20250430,2,4,74.17,74.17,0.0,296.68,526.46
542,748,771,212,20250524,1,4,74.13,74.13,0.0,296.52,382.14
572,2174,506,72,20250422,2,4,72.8,72.8,0.0,291.2,709.31
402,1132,301,398,20250513,1,4,71.15,71.15,0.0,284.6,394.47
447,2255,727,270,20250419,2,4,70.46,70.46,0.0,281.84,433.9
659,1243,656,31,20250417,2,4,69.82,69.82,0.0,279.28,610.09
562,1409,225,474,20250418,2,4,68.47,68.47,0.0,273.88,552.4
17,1151,516,250,20250429,1,4,68.22,68.22,0.0,272.88,515.1
765,3173,417,296,20250420,1,4,67.07,67.07,0.0,268.28,536.98
250,3250,49,296,20250616,2,4,67.07,67.07,0.0,268.28,581.85
313,125,271,239,20250606,2,4,66.99,66.99,0.0,267.96,712.86
820,440,280,239,20250420,1,4,66.99,66.99,0.0,267.96,463.74
231,816,453,307,20250424,1,4,66.87,66.87,0.0,267.48,385.35
349,2510,854,307,20250615,2,4,66.87,66.87,0.0,267.48,523.43
326,2735,472,307,20250419,1,4,66.87,66.87,0.0,267.48,666.64
78,972,321,162,20250518,1,4,66.5,66.5,0.0,266.0,683.47
229,1029,699,162,20250616,1,4,66.5,66.5,0.0,266.0,543.17
88,915,569,383,20250413,2,4,66.38,66.38,0.0,265.52,577.9
1258,3190,5,383,20250522,2,4,66.38,66.38,0.0,265.52,436.16
1239,1462,253,70,20250528,1,4,66.33,66.33,0.0,265.32,385.12
975,3298,560,70,20250414,2,4,66.33,66.33,0.0,265.32,437.07
1253,1600,611,332,20250424,1,4,65.88,65.88,0.0,263.52,289.93
790,2619,829,19,20250419,1,4,65.26,65.26,0.0,261.04,639.14
1183,3203,792,19,20250418,2,4,65.26,65.26,0.0,261.04,464.44
250,2416,49,33,20250616,2,4,65.23,65.23,0.0,260.92,581.85
500,1510,348,297,20250426,1,4,65.17,65.17,0.0,260.68,680.33
543,1801,896,297,20250426,1,4,65.17,65.17,0.0,260.68,403.83
118,2248,92,297,20250518,1,4,65.17,65.17,0.0,260.68,788.58
413,380,69,44,20250617,1,4,64.84,64.84,0.0,259.36,669.28
548,2162,916,435,20250425,2,4,64.5,64.5,0.0,258.0,635.8
405,105,657,276,20250520,1,4,64.44,64.44,0.0,257.76,455.67
163,893,283,276,20250520,2,4,64.44,64.44,0.0,257.76,622.18
468,1234,273,194,20250505,2,4,64.11,64.11,0.0,256.44,334.88
604,403,338,237,20250526,1,4,64.08,64.08,0.0,256.32,499.56
1146,1505,15,469,20250524,1,4,64.08,64.08,0.0,256.32,326.72
260,1577,41,469,20250514,1,4,64.08,64.08,0.0,256.32,528.34
837,2338,453,237,20250505,1,4,64.08,64.08,0.0,256.32,570.97
751,2961,811,371,20250616,1,4,63.82,63.82,0.0,255.28,342.96
810,1989,913,372,20250616,2,4,63.79,63.79,0.0,255.16,319.98
855,537,710,385,20250521,2,4,63.23,63.23,0.0,252.92,390.32
345,3038,929,385,20250414,1,4,63.23,63.23,0.0,252.92,648.04
383,1113,451,382,20250415,2,4,62.52,62.52,0.0,250.08,504.66
32,668,982,192,20250421,2,4,62.48,62.48,0.0,249.92,540.69
1215,3243,638,323,20250422,2,4,62.34,62.34,0.0,249.36,562.51
763,194,602,115,20250421,1,4,62.27,62.27,0.0,249.08,301.16
613,74,112,444,20250615,1,4,61.78,61.78,0.0,247.12,562.46
1130,411,385,152,20250526,1,4,61.7,61.7,0.0,246.8,579.95
973,566,953,266,20250617,2,4,61.67,61.67,0.0,246.68,442.48
37,1580,720,266,20250422,2,4,61.67,61.67,0.0,246.68,715.38
391,438,564,35,20250430,1,4,61.61,61.61,0.0,246.44,718.22
776,304,361,399,20250518,1,4,61.6,61.6,0.0,246.4,294.06
123,2866,769,125,20250521,2,4,61.27,61.27,0.0,245.08,410.04
635,2969,104,428,20250416,2,4,61.22,61.22,0.0,244.88,347.37
1138,683,958,112,20250427,1,4,61.2,61.2,0.0,244.8,375.32
852,2831,745,352,20250423,2,4,61.12,61.12,0.0,244.48,387.92
1211,982,346,340,20250523,2,4,60.83,60.83,0.0,243.32,317.66
811,1282,29,340,20250427,2,4,60.83,60.83,0.0,243.32,427.27
466,2486,538,340,20250417,1,4,60.83,60.83,0.0,243.32,573.78
84,2585,932,305,20250517,1,4,60.79,60.79,0.0,243.16,519.81
838,1473,903,129,20250527,1,4,60.68,60.68,0.0,242.72,348.02
514,46,397,433,20250617,2,4,60.12,60.12,0.0,240.48,599.54
1311,2569,958,4,20250531,1,4,60.0,60.0,0.0,240.0,268.73
1156,2186,963,99,20250521,2,4,59.78,59.78,0.0,239.12,434.04
668,770,167,464,20250420,1,4,59.58,59.58,0.0,238.32,321.6
931,1692,269,464,20250617,1,4,59.58,59.58,0.0,238.32,270.18
23,1953,987,464,20250428,2,4,59.58,59.58,0.0,238.32,457.32
350,925,129,291,20250419,1,4,59.56,59.56,0.0,238.24,529.4
990,2209,327,291,20250417,2,4,59.56,59.56,0.0,238.24,458.36
950,2657,935,291,20250527,1,4,59.56,59.56,0.0,238.24,524.09
643,3223,259,291,20250424,1,4,59.56,59.56,0.0,238.24,506.83
755,1810,369,390,20250614,2,4,59.33,59.33,0.0,237.32,298.02
345,2621,929,390,20250414,1,4,59.33,59.33,0.0,237.32,648.04
403,317,476,244,20250427,2,4,59.32,59.32,0.0,237.28,336.24
535,226,174,78,20250531,2,4,59.21,59.21,0.0,236.84,568.88
490,1980,854,384,20250524,2,4,58.94,58.94,0.0,235.76,454.26
36,2966,475,286,20250528,1,4,58.91,58.91,0.0,235.64,380.74
357,486,519,247,20250426,1,4,58.86,58.86,0.0,235.44,548.56
151,1301,818,247,20250414,1,4,58.86,58.86,0.0,235.44,396.18
530,2665,398,63,20250419,2,4,58.67,58.67,0.0,234.68,547.16
1110,1874,402,297,20250606,1,4,58.65,65.17,6.52,234.61,390.78
709,3235,596,366,20250428,2,4,58.34,58.34,0.0,233.36,284.08
1000,1383,439,145,20250520,1,4,58.25,58.25,0.0,233.0,324.5
139,2566,473,225,20250521,2,4,58.11,58.11,0.0,232.44,631.08
769,578,501,473,20250505,1,4,57.98,57.98,0.0,231.92,490.92
1020,2813,120,473,20250517,1,4,57.98,57.98,0.0,231.92,423.57
133,3082,570,473,20250614,2,4,57.98,57.98,0.0,231.92,450.74
131,1902,816,83,20250422,1,4,57.8,57.8,0.0,231.2,625.66
489,1258,693,7,20250613,1,4,57.66,57.66,0.0,230.64,378.07
465,1918,783,7,20250614,1,4,57.66,57.66,0.0,230.64,572.22
191,429,367,227,20250523,2,4,57.51,57.51,0.0,230.04,381.4
664,906,493,227,20250614,2,4,57.51,57.51,0.0,230.04,353.01
337,867,873,213,20250524,2,4,57.31,57.31,0.0,229.24,467.38
225,157,806,53,20250520,2,4,57.17,57.17,0.0,228.68,540.02
1285,1912,581,53,20250531,2,4,57.17,57.17,0.0,228.68,395.24
1197,3182,390,288,20250522,1,4,57.11,57.11,0.0,228.44,384.56
1177,2674,960,407,20250427,1,4,56.84,56.84,0.0,227.36,405.31
239,1832,2,326,20250420,1,4,56.7,56.7,0.0,226.8,710.55
334,2742,675,326,20250529,2,4,56.7,56.7,0.0,226.8,496.23
312,329,72,314,20250531,1,4,56.29,56.29,0.0,225.16,509.07
348,1440,776,314,20250530,1,4,56.29,56.29,0.0,225.16,654.98
1315,1711,344,485,20250426,2,4,56.2,56.2,0.0,224.8,409.24
874,866,531,422,20250616,1,4,55.91,55.91,0.0,223.64,259.33
1352,1495,574,422,20250522,2,4,55.91,55.91,0.0,223.64,419.08
639,2350,346,156,20250422,1,4,55.52,55.52,0.0,222.08,499.62
643,2976,259,446,20250424,1,4,55.14,55.14,0.0,220.56,506.83
436,126,481,124,20250428,2,4,55.04,55.04,0.0,220.16,345.59
1210,1952,864,124,20250617,2,4,55.04,55.04,0.0,220.16,543.2
990,827,327,126,20250417,2,4,55.03,55.03,0.0,220.12,458.36
940,1446,988,188,20250421,2,4,55.01,55.01,0.0,220.04,268.77
281,1937,730,2,20250517,2,4,54.92,78.45,23.54,219.66,375.37
1312,1213,841,461,20250428,2,4,54.91,54.91,0.0,219.64,429.04
230,2892,428,304,20250421,2,4,54.88,54.88,0.0,219.52,404.19
1003,1820,727,496,20250606,2,4,54.61,54.61,0.0,218.44,430.64
1044,161,268,271,20250430,2,4,54.28,54.28,0.0,217.12,428.76
1088,417,385,42,20250413,2,4,54.2,54.2,0.0,216.8,340.0
857,2381,133,425,20250416,2,4,53.99,53.99,0.0,215.96,377.18
746,2444,522,439,20250516,1,4,53.93,53.93,0.0,215.72,302.4
349,1474,854,154,20250615,2,4,53.74,53.74,0.0,214.96,523.43
310,1960,726,406,20250418,1,4,53.74,53.74,0.0,214.96,503.83
1172,2331,63,127,20250531,1,4,53.67,53.67,0.0,214.68,387.04
214,912,572,52,20250428,2,4,53.61,53.61,0.0,214.44,583.42
1139,812,21,416,20250416,2,4,53.46,53.46,0.0,213.84,422.16
179,3033,663,73,20250529,2,4,53.25,53.25,0.0,213.0,525.72
377,1900,823,40,20250514,1,4,53.19,53.19,0.0,212.76,346.01
1003,243,727,133,20250606,2,4,53.05,53.05,0.0,212.2,430.64
701,2982,855,133,20250613,2,4,53.05,53.05,0.0,212.2,340.18
1044,2522,268,147,20250430,2,4,52.91,52.91,0.0,211.64,428.76
321,2185,779,393,20250531,2,4,52.88,52.88,0.0,211.52,465.62
978,3220,634,393,20250420,1,4,52.88,52.88,0.0,211.52,355.24
1008,235,593,299,20250524,2,4,52.65,52.65,0.0,210.6,386.92
313,3139,271,220,20250606,2,4,52.6,52.6,0.0,210.4,712.86
665,58,477,432,20250413,1,4,52.39,52.39,0.0,209.56,440.01
1078,2199,521,432,20250616,1,4,52.39,52.39,0.0,209.56,332.1
121,532,867,153,20250425,2,4,52.36,52.36,0.0,209.44,566.29
224,3174,773,445,20250425,2,4,52.28,52.28,0.0,209.12,607.94
903,2133,727,217,20250419,2,4,52.12,52.12,0.0,208.48,446.43
1318,2573,265,217,20250518,1,4,52.12,52.12,0.0,208.48,323.18
144,222,961,275,20250420,2,4,52.11,52.11,0.0,208.44,296.59
253,3150,233,275,20250427,2,4,52.11,52.11,0.0,208.44,422.76
1024,2632,331,203,20250415,2,4,52.1,52.1,0.0,208.4,391.65
474,3132,190,203,20250414,2,4,52.1,52.1,0.0,208.4,549.22
479,2848,908,440,20250520,1,4,52.08,52.08,0.0,208.32,413.62
1139,3093,21,440,20250416,2,4,52.08,52.08,0.0,208.32,422.16
440,1800,698,320,20250515,2,4,51.98,74.26,22.28,207.93,358.65
113,1087,872,426,20250525,2,4,51.97,51.97,0.0,207.88,448.08
916,534,342,327,20250518,2,4,51.97,74.24,22.27,207.87,245.94
617,609,62,17,20250518,1,4,51.9,51.9,0.0,207.6,566.22
260,1659,41,468,20250514,1,4,51.8,51.8,0.0,207.2,528.34
114,3011,903,468,20250425,2,4,51.8,51.8,0.0,207.2,280.43
597,196,132,76,20250418,2,4,51.7,51.7,0.0,206.8,760.4
163,706,283,341,20250520,2,4,51.4,51.4,0.0,205.6,622.18
269,2544,298,341,20250524,2,4,51.4,51.4,0.0,205.6,503.93
127,1584,490,11,20250413,2,4,51.09,51.09,0.0,204.36,566.98
1070,3172,244,11,20250430,2,4,51.09,51.09,0.0,204.36,246.2
258,324,94,396,20250529,1,4,51.0,51.0,0.0,204.0,439.49
37,3269,720,396,20250422,2,4,51.0,51.0,0.0,204.0,715.38
1015,2252,151,8,20250527,2,4,50.91,50.91,0.0,203.64,355.88
400,878,928,421,20250421,2,4,50.89,50.89,0.0,203.56,487.91
945,348,304,61,20250417,1,4,50.88,50.88,0.0,203.52,295.02
1183,2774,792,450,20250418,2,4,50.85,50.85,0.0,203.4,464.44
89,3309,46,273,20250425,1,4,50.72,50.72,0.0,202.88,312.2
609,1851,946,488,20250522,2,4,50.68,50.68,0.0,202.72,340.38
578,2054,849,488,20250425,2,4,50.68,50.68,0.0,202.72,357.46
554,1002,861,278,20250613,1,4,50.41,50.41,0.0,201.64,322.94
357,788,519,370,20250426,1,4,50.34,50.34,0.0,201.36,548.56
80,2782,735,419,20250525,1,4,50.34,50.34,0.0,201.36,369.31
906,1459,664,150,20250428,1,4,50.04,50.04,0.0,200.16,297.44
591,2238,525,150,20250523,1,4,50.04,50.04,0.0,200.16,616.58
691,1824,33,69,20250617,2,4,49.98,49.98,0.0,199.92,475.07
1134,765,580,436,20250528,2,4,49.81,49.81,0.0,199.24,324.16
827,2639,253,173,20250614,1,4,49.74,49.74,0.0,198.96,251.9
980,2286,220,268,20250527,2,4,49.59,49.59,0.0,198.36,448.26
1234,2137,641,190,20250423,2,4,49.41,49.41,0.0,197.64,338.34
1326,2685,883,43,20250518,1,4,49.4,49.4,0.0,197.6,310.98
607,2839,785,43,20250430,2,4,49.4,49.4,0.0,197.6,395.28
38,96,484,175,20250526,1,4,49.16,49.16,0.0,196.64,440.7
135,1414,607,175,20250515,1,4,49.16,49.16,0.0,196.64,702.11
1352,2647,574,216,20250522,2,4,48.86,48.86,0.0,195.44,419.08
1156,1047,963,295,20250521,2,4,48.73,48.73,0.0,194.92,434.04
82,2559,872,301,20250414,1,4,48.72,48.72,0.0,194.88,753.88
273,509,682,34,20250616,2,4,48.34,48.34,0.0,193.36,489.56
630,2493,120,455,20250529,1,4,48.03,48.03,0.0,192.12,466.2
870,1813,386,121,20250528,2,4,47.91,47.91,0.0,191.64,363.72
698,1181,96,183,20250516,1,4,47.87,47.87,0.0,191.48,260.26
480,3000,455,185,20250424,1,4,47.73,47.73,0.0,190.92,821.72
672,1248,807,447,20250425,2,4,47.66,47.66,0.0,190.64,337.28
120,3123,999,262,20250606,1,4,47.65,52.94,5.29,190.58,431.8
1227,3209,780,482,20250413,2,4,47.59,47.59,0.0,190.36,241.04
279,1666,852,410,20250616,1,4,47.47,47.47,0.0,189.88,330.38
737,2804,802,254,20250422,1,4,47.44,47.44,0.0,189.76,410.06
937,3147,649,479,20250616,2,4,47.42,47.42,0.0,189.68,293.28
750,3195,665,479,20250416,1,4,47.42,47.42,0.0,189.68,230.45
530,442,398,68,20250419,2,4,47.27,47.27,0.0,189.08,547.16
202,3277,972,118,20250528,2,4,46.99,46.99,0.0,187.96,516.82
1337,1509,943,315,20250518,2,4,46.91,67.02,20.11,187.66,352.02
798,2068,565,449,20250404,1,4,46.9,46.9,0.0,187.6,341.26
1270,3012,459,132,20250424,2,4,46.9,46.9,0.0,187.6,295.25
749,775,993,228,20250426,1,4,46.89,46.89,0.0,187.56,240.91
624,1834,223,162,20250513,2,4,46.55,66.5,19.95,186.2,383.49
1310,1415,798,137,20250522,1,4,46.52,46.52,0.0,186.08,504.88
132,2084,839,200,20250420,2,4,46.41,46.41,0.0,185.64,395.09
623,902,943,345,20250414,1,4,46.36,46.36,0.0,185.44,284.26
1315,2507,344,351,20250426,2,4,46.11,46.11,0.0,184.44,409.24
1018,2897,462,261,20250516,1,4,46.1,46.1,0.0,184.4,272.08
44,811,957,155,20250514,1,4,46.07,46.07,0.0,184.28,373.27
173,2169,279,155,20250515,1,4,46.07,46.07,0.0,184.28,535.45
513,1007,474,333,20250614,1,4,46.04,46.04,0.0,184.16,441.25
629,2122,186,335,20250526,2,4,45.97,45.97,0.0,183.88,400.35
87,2964,863,161,20250414,1,4,45.75,45.75,0.0,183.0,350.92
666,3126,743,161,20250524,1,4,45.75,45.75,0.0,183.0,236.19
995,2164,565,316,20250519,1,4,45.73,45.73,0.0,182.92,489.02
463,2666,497,316,20250613,2,4,45.73,45.73,0.0,182.92,418.95
908,117,196,201,20250426,2,4,45.62,45.62,0.0,182.48,224.36
1133,455,745,201,20250425,1,4,45.62,45.62,0.0,182.48,210.9
359,2030,503,229,20250418,2,4,45.58,45.58,0.0,182.32,590.5
310,1001,726,20,20250418,1,4,45.42,45.42,0.0,181.68,503.83
552,1017,54,44,20250515,2,4,45.39,64.84,19.45,181.55,377.54
1154,738,314,109,20250505,1,4,45.27,45.27,0.0,181.08,323.44
425,361,124,89,20250416,1,4,45.12,45.12,0.0,180.48,341.94
1321,1040,217,89,20250614,1,4,45.12,45.12,0.0,180.48,455.53
347,1917,769,128,20250518,1,4,44.9,44.9,0.0,179.6,402.53
161,2339,703,12,20250426,2,4,44.77,44.77,0.0,179.08,608.67
787,3166,610,322,20250617,1,4,44.45,44.45,0.0,177.8,282.36
128,472,115,55,20250419,1,4,44.32,44.32,0.0,177.28,282.19
92,1237,691,55,20250530,2,4,44.32,44.32,0.0,177.28,611.46
865,2149,117,55,20250529,1,4,44.32,44.32,0.0,177.28,362.23
1058,863,163,29,20250526,1,4,44.27,44.27,0.0,177.08,339.2
161,1249,703,489,20250426,2,4,44.21,44.21,0.0,176.84,608.67
1008,2046,593,184,20250524,2,4,44.08,44.08,0.0,176.32,386.92
198,1121,302,411,20250423,2,4,43.94,43.94,0.0,175.76,458.63
41,2009,367,363,20250414,1,4,43.64,43.64,0.0,174.56,481.09
610,412,504,211,20250530,1,4,43.5,43.5,0.0,174.0,435.62
241,3256,725,211,20250606,2,4,43.5,43.5,0.0,174.0,411.47
576,31,20,374,20250613,1,4,43.43,43.43,0.0,173.72,537.95
67,1173,128,374,20250404,2,4,43.43,43.43,0.0,173.72,414.7
207,1302,884,374,20250515,1,4,43.43,43.43,0.0,173.72,438.51
458,800,613,302,20250520,2,4,43.4,43.4,0.0,173.6,670.95
960,1589,237,429,20250528,1,4,43.34,43.34,0.0,173.36,223.28
1303,2955,22,308,20250521,1,4,43.27,43.27,0.0,173.08,287.88
483,1465,547,455,20250606,1,4,43.23,48.03,4.8,172.91,358.54
233,1305,499,434,20250428,1,4,43.14,43.14,0.0,172.56,374.24
61,2845,444,434,20250526,2,4,43.14,43.14,0.0,172.56,370.24
147,3091,386,434,20250517,1,4,43.14,43.14,0.0,172.56,336.73
1172,2389,63,329,20250531,1,4,43.09,43.09,0.0,172.36,387.04
209,2871,436,102,20250531,2,4,43.06,43.06,0.0,172.24,343.05
129,2820,81,24,20250526,2,4,42.76,42.76,0.0,171.04,442.47
31,1860,776,375,20250520,2,4,42.67,42.67,0.0,170.68,292.78
862,2340,912,375,20250606,2,4,42.67,42.67,0.0,170.68,233.9
655,3358,16,165,20250424,1,4,42.67,42.67,0.0,170.68,511.39
56,545,223,177,20250529,2,4,42.66,42.66,0.0,170.64,337.98
1258,2514,5,177,20250522,2,4,42.66,42.66,0.0,170.64,436.16
1067,2237,176,263,20250530,2,4,42.48,42.48,0.0,169.92,200.77
419,1244,148,395,20250522,1,4,42.31,42.31,0.0,169.24,673.59
575,1380,5,395,20250427,2,4,42.31,42.31,0.0,169.24,400.38
94,1367,165,172,20250413,1,4,41.7,41.7,0.0,166.8,396.88
967,3048,496,172,20250426,2,4,41.7,41.7,0.0,166.8,281.54
1186,3273,749,157,20250417,1,4,41.56,41.56,0.0,166.24,521.99
1262,1941,456,289,20250428,1,4,41.51,41.51,0.0,166.04,345.74
337,2356,873,289,20250524,2,4,41.51,41.51,0.0,166.04,467.38
1337,2934,943,110,20250518,2,4,41.09,58.7,17.61,164.36,352.02
965,836,988,74,20250527,1,4,40.94,40.94,0.0,163.76,316.76
23,3323,987,74,20250428,2,4,40.94,40.94,0.0,163.76,457.32
284,1759,880,293,20250429,2,4,40.77,40.77,0.0,163.08,362.54
774,280,798,106,20250522,2,4,40.75,40.75,0.0,163.0,335.05
451,2143,997,106,20250415,1,4,40.75,40.75,0.0,163.0,485.52
610,846,504,9,20250530,1,4,40.5,40.5,0.0,162.0,435.62
275,1316,58,16,20250418,2,4,40.36,40.36,0.0,161.44,391.32
597,1364,132,92,20250418,2,4,40.25,40.25,0.0,161.0,760.4
476,2419,511,222,20250517,2,4,40.03,57.19,17.16,160.13,302.38
40,3330,96,288,20250513,2,4,39.98,57.11,17.13,159.91,233.35
966,1207,326,226,20250517,1,4,39.78,39.78,0.0,159.12,200.11
629,2052,186,325,20250526,2,4,39.78,39.78,0.0,159.12,400.35
474,2888,190,325,20250414,2,4,39.78,39.78,0.0,159.12,549.22
145,762,135,143,20250520,1,4,39.75,39.75,0.0,159.0,391.58
361,713,289,283,20250505,1,4,39.62,39.62,0.0,158.48,684.03
55,2928,511,283,20250417,1,4,39.62,39.62,0.0,158.48,355.12
184,80,192,490,20250418,1,4,39.42,39.42,0.0,157.68,403.3
145,292,135,490,20250520,1,4,39.42,39.42,0.0,157.68,391.58
899,1333,339,490,20250524,2,4,39.42,39.42,0.0,157.68,291.04
307,1694,567,467,20250521,1,4,39.22,39.22,0.0,156.88,332.0
541,782,877,113,20250427,2,4,39.18,39.18,0.0,156.72,505.76
498,2568,9,113,20250525,1,4,39.18,39.18,0.0,156.72,509.91
1110,760,402,311,20250606,1,4,39.04,43.38,4.34,156.17,390.78
1197,2247,390,96,20250522,1,4,39.03,39.03,0.0,156.12,384.56
98,2207,879,477,20250520,1,4,38.9,38.9,0.0,155.6,413.91
448,3057,143,180,20250429,2,4,38.81,38.81,0.0,155.24,319.3
756,2652,499,438,20250613,1,4,38.74,38.74,0.0,154.96,481.76
695,155,634,233,20250424,2,4,38.68,38.68,0.0,154.72,437.62
1026,1526,190,233,20250519,1,4,38.68,38.68,0.0,154.72,218.4
918,2125,226,484,20250415,1,4,38.49,38.49,0.0,153.96,256.76
572,2178,506,484,20250422,2,4,38.49,38.49,0.0,153.96,709.31
1180,2915,777,256,20250526,1,4,38.41,38.41,0.0,153.64,273.14
346,252,231,498,20250526,2,4,38.33,38.33,0.0,153.32,318.61
630,2057,120,498,20250529,1,4,38.33,38.33,0.0,153.32,466.2
1028,1734,475,240,20250525,1,4,38.14,38.14,0.0,152.56,288.52
1015,132,151,387,20250527,2,4,38.06,38.06,0.0,152.24,355.88
94,3177,165,41,20250413,1,4,37.94,37.94,0.0,151.76,396.88
744,3206,736,41,20250606,2,4,37.94,37.94,0.0,151.76,202.93
1335,3367,999,41,20250424,2,4,37.94,37.94,0.0,151.76,258.46
553,2123,804,47,20250518,2,4,37.61,53.73,16.12,150.44,276.39
173,1585,279,318,20250515,1,4,37.55,37.55,0.0,150.2,535.45
442,909,408,423,20250606,1,4,37.48,41.64,4.16,149.9,339.49
590,2769,512,208,20250413,1,4,37.45,37.45,0.0,149.8,324.12
1095,2931,109,85,20250616,1,4,37.35,37.35,0.0,149.4,261.45
90,908,2,408,20250526,1,4,37.17,37.17,0.0,148.68,377.12
740,1101,370,492,20250429,1,4,37.12,37.12,0.0,148.48,415.23
689,1199,891,215,20250415,2,4,37.11,37.11,0.0,148.44,405.34
44,2069,957,243,20250514,1,4,37.06,37.06,0.0,148.24,373.27
189,1107,684,441,20250425,1,4,36.99,36.99,0.0,147.96,371.17
702,2640,764,441,20250529,2,4,36.99,36.99,0.0,147.96,333.21
282,1319,736,105,20250526,2,4,36.9,36.9,0.0,147.6,391.74
581,3175,125,105,20250531,1,4,36.9,36.9,0.0,147.6,516.66
1053,481,620,251,20250414,1,4,36.88,36.88,0.0,147.52,300.19
529,1444,566,251,20250414,2,4,36.88,36.88,0.0,147.52,341.18
1132,590,231,5,20250520,2,4,36.84,36.84,0.0,147.36,267.61
799,1863,897,5,20250416,2,4,36.84,36.84,0.0,147.36,251.92
154,1008,551,248,20250422,1,4,36.79,36.79,0.0,147.16,448.34
1087,1919,628,248,20250524,2,4,36.79,36.79,0.0,147.16,364.9
561,2877,829,106,20250606,1,4,36.67,40.75,4.08,146.7,416.29
839,2586,935,199,20250531,2,4,36.48,36.48,0.0,145.92,182.98
497,3104,588,140,20250513,2,4,36.46,52.08,15.62,145.82,322.48
1200,3363,171,140,20250516,2,4,36.46,52.08,15.62,145.82,206.5
497,3090,588,17,20250513,2,4,36.33,51.9,15.57,145.32,322.48
491,616,699,427,20250523,1,4,36.01,36.01,0.0,144.04,560.98
913,2183,729,427,20250527,2,4,36.01,36.01,0.0,144.04,303.24
1102,826,624,28,20250514,2,4,35.83,51.18,15.35,143.3,214.7
524,2260,144,396,20250515,2,4,35.7,51.0,15.3,142.8,284.65
1036,2011,793,381,20250613,1,4,35.59,35.59,0.0,142.36,199.55
1154,2020,314,381,20250505,1,4,35.59,35.59,0.0,142.36,323.44
2,3354,41,381,20250516,1,4,35.59,35.59,0.0,142.36,357.54
282,2868,736,59,20250526,2,4,34.58,34.58,0.0,138.32,391.74
1248,1571,898,348,20250413,2,4,34.47,34.47,0.0,137.88,190.53
435,147,613,343,20250427,2,4,34.39,34.39,0.0,137.56,300.68
607,1084,785,343,20250430,2,4,34.39,34.39,0.0,137.56,395.28
567,2998,686,13,20250517,1,4,34.25,34.25,0.0,137.0,511.12
1263,541,974,430,20250422,2,4,33.98,33.98,0.0,135.92,230.86
390,3345,564,91,20250520,2,4,33.95,33.95,0.0,135.8,630.23
655,36,16,330,20250424,1,4,33.94,33.94,0.0,135.76,511.39
558,1394,525,455,20250517,2,4,33.62,48.03,14.41,134.48,191.33
256,2004,881,159,20250521,1,4,33.59,33.59,0.0,134.36,432.34
252,1443,836,338,20250418,2,4,33.39,33.39,0.0,133.56,336.11
1034,3346,342,338,20250531,2,4,33.39,33.39,0.0,133.56,192.63
1115,1330,872,362,20250419,1,4,32.64,32.64,0.0,130.56,501.76
1336,1089,557,209,20250404,1,4,32.41,32.41,0.0,129.64,184.47
35,1644,574,209,20250427,1,4,32.41,32.41,0.0,129.64,433.96
384,952,242,82,20250427,1,4,32.21,32.21,0.0,128.84,453.66
946,2306,289,82,20250416,2,4,32.21,32.21,0.0,128.84,192.66
59,140,787,80,20250514,1,4,31.86,31.86,0.0,127.44,435.92
233,1887,499,80,20250428,1,4,31.86,31.86,0.0,127.44,374.24
1252,2650,986,80,20250429,1,4,31.86,31.86,0.0,127.44,429.24
1265,1689,116,418,20250521,1,4,31.84,31.84,0.0,127.36,447.76
133,2784,570,90,20250614,2,4,31.67,31.67,0.0,126.68,450.74
297,2800,235,404,20250517,2,4,31.63,45.19,13.56,126.53,275.27
612,525,488,258,20250525,2,4,31.48,31.48,0.0,125.92,588.12
1218,2266,497,95,20250423,2,4,31.15,31.15,0.0,124.6,293.92
307,2944,567,95,20250521,1,4,31.15,31.15,0.0,124.6,332.0
552,3134,54,322,20250515,2,4,31.12,44.45,13.34,124.46,377.54
382,1739,99,452,20250426,1,4,30.85,30.85,0.0,123.4,692.47
1332,3192,783,452,20250513,1,4,30.85,30.85,0.0,123.4,161.81
413,853,69,401,20250617,1,4,30.83,30.83,0.0,123.32,669.28
73,2385,477,401,20250519,1,4,30.83,30.83,0.0,123.32,453.55
230,806,428,431,20250421,2,4,30.41,30.41,0.0,121.64,404.19
1161,2223,152,431,20250426,2,4,30.41,30.41,0.0,121.64,282.2
319,18,728,339,20250531,2,4,30.35,30.35,0.0,121.4,431.38
292,318,103,339,20250430,2,4,30.35,30.35,0.0,121.4,317.3
448,1442,143,339,20250429,2,4,30.35,30.35,0.0,121.4,319.3
475,3232,831,339,20250428,2,4,30.35,30.35,0.0,121.4,513.94
630,2484,120,187,20250529,1,4,30.19,30.19,0.0,120.76,466.2
742,11,123,88,20250420,2,4,29.81,29.81,0.0,119.24,227.27
143,1339,956,88,20250616,1,4,29.81,29.81,0.0,119.24,324.41
824,1098,604,400,20250505,1,4,29.68,29.68,0.0,118.72,223.28
295,3066,720,144,20250513,2,4,29.29,41.84,12.55,117.15,408.14
1182,1906,936,246,20250616,1,4,28.98,28.98,0.0,115.92,189.9
390,3107,564,249,20250520,2,4,28.42,28.42,0.0,113.68,630.23
357,1908,519,176,20250426,1,4,27.94,27.94,0.0,111.76,548.56
64,3054,795,65,20250521,2,4,27.45,27.45,0.0,109.8,426.45
546,3204,787,119,20250428,1,4,27.34,27.34,0.0,109.36,184.6
289,1958,190,376,20250518,2,4,26.96,38.52,11.56,107.86,268.8
1086,1610,561,397,20250417,1,4,26.48,26.48,0.0,105.92,224.18
312,1625,72,397,20250531,1,4,26.48,26.48,0.0,105.92,509.07
1268,1329,767,120,20250518,1,4,25.7,25.7,0.0,102.8,313.3
982,2611,70,495,20250519,2,4,25.66,36.65,11.0,102.62,193.4
819,720,653,46,20250426,1,4,25.15,25.15,0.0,100.6,143.36
624,1650,223,313,20250513,2,4,24.98,35.69,10.71,99.93,383.49
440,3271,698,454,20250515,2,4,24.61,35.16,10.55,98.45,358.65
615,279,23,405,20250516,2,4,24.3,34.71,10.41,97.19,207.29
222,1878,288,66,20250521,2,4,24.13,24.13,0.0,96.52,349.66
286,1572,184,13,20250518,2,4,23.98,34.25,10.28,95.9,348.33
621,2692,86,430,20250515,2,4,23.79,33.98,10.19,95.14,263.25
81,500,130,298,20250518,2,4,23.76,33.94,10.18,95.03,449.17
21,3171,685,164,20250614,1,4,22.96,22.96,0.0,91.84,538.23
818,1232,473,355,20250616,1,4,21.38,21.38,0.0,85.52,250.7
668,1886,167,334,20250420,1,4,20.82,20.82,0.0,83.28,321.6
660,3215,86,334,20250614,2,4,20.82,20.82,0.0,83.28,368.79
234,1796,198,346,20250520,2,4,15.31,15.31,0.0,61.24,533.21
193,1537,92,198,20250518,1,4,14.64,14.64,0.0,58.56,433.24
376,896,497,195,20250519,2,4,11.68,16.69,5.01,46.73,195.76
420,2322,828,71,20250616,2,5,80.76,80.76,0.0,403.8,503.76
336,2570,790,234,20250617,1,5,80.0,80.0,0.0,400.0,536.47
800,856,96,10,20250524,1,5,79.7,79.7,0.0,398.5,555.4
597,250,132,98,20250418,2,5,78.52,78.52,0.0,392.6,760.4
86,580,453,98,20250615,2,5,78.52,78.52,0.0,392.6,709.19
382,1643,99,2,20250426,1,5,78.45,78.45,0.0,392.25,692.47
52,3261,438,2,20250521,1,5,78.45,78.45,0.0,392.25,646.63
406,2037,677,269,20250514,1,5,77.59,77.59,0.0,387.95,566.89
390,1016,564,413,20250520,2,5,76.15,76.15,0.0,380.75,630.23
790,2432,829,448,20250419,1,5,75.62,75.62,0.0,378.1,639.14
359,2894,503,392,20250418,2,5,75.47,75.47,0.0,377.35,590.5
1194,1015,816,224,20250513,1,5,75.4,75.4,0.0,377.0,419.1
167,3017,277,224,20250518,1,5,75.4,75.4,0.0,377.0,632.5
433,2993,608,459,20250530,2,5,75.17,75.17,0.0,375.85,647.8
850,2947,658,116,20250419,1,5,74.81,74.81,0.0,374.05,472.29
72,2751,710,306,20250519,1,5,74.67,74.67,0.0,373.35,622.14
601,506,387,320,20250531,1,5,74.26,74.26,0.0,371.3,542.92
39,611,955,320,20250514,1,5,74.26,74.26,0.0,371.3,628.12
1115,540,872,327,20250419,1,5,74.24,74.24,0.0,371.2,501.76
20,1627,638,327,20250404,1,5,74.24,74.24,0.0,371.2,665.8
277,1699,791,212,20250526,1,5,74.13,74.13,0.0,370.65,534.45
766,1529,955,310,20250616,2,5,72.1,72.1,0.0,360.5,399.31
139,1714,473,310,20250521,2,5,72.1,72.1,0.0,360.5,631.08
1254,2723,103,310,20250526,2,5,72.1,72.1,0.0,360.5,492.02
612,3326,488,310,20250525,2,5,72.1,72.1,0.0,360.5,588.12
78,1491,321,36,20250518,1,5,72.06,72.06,0.0,360.3,683.47
104,3253,373,337,20250420,2,5,71.72,71.72,0.0,358.6,555.25
506,569,963,398,20250423,1,5,71.15,71.15,0.0,355.75,570.95
1186,2552,749,398,20250417,1,5,71.15,71.15,0.0,355.75,521.99
491,1664,699,463,20250523,1,5,70.56,70.56,0.0,352.8,560.98
135,2236,607,463,20250515,1,5,70.56,70.56,0.0,352.8,702.11
224,102,773,270,20250425,2,5,70.46,70.46,0.0,352.3,607.94
15,306,33,353,20250520,1,5,69.54,69.54,0.0,347.7,421.64
1149,1145,948,353,20250530,1,5,69.54,69.54,0.0,347.7,441.5
291,3083,379,360,20250430,1,5,69.48,69.48,0.0,347.4,696.69
220,1048,566,474,20250418,1,5,68.47,68.47,0.0,342.35,525.55
1257,1617,510,474,20250527,1,5,68.47,68.47,0.0,342.35,420.75
335,947,642,250,20250415,2,5,68.22,68.22,0.0,341.1,747.5
450,2545,640,486,20250430,2,5,68.03,68.03,0.0,340.15,540.03
1208,464,388,116,20250606,1,5,67.33,74.81,7.48,336.65,454.1
645,246,776,315,20250414,1,5,67.02,67.02,0.0,335.1,640.26
168,932,896,239,20250404,2,5,66.99,66.99,0.0,334.95,482.74
725,2314,445,307,20250615,2,5,66.87,66.87,0.0,334.35,401.53
1348,2375,473,307,20250520,1,5,66.87,66.87,0.0,334.35,451.03
1130,230,385,131,20250526,1,5,66.63,66.63,0.0,333.15,579.95
567,1094,686,70,20250517,1,5,66.33,66.33,0.0,331.65,511.12
1244,692,816,19,20250531,1,5,65.26,65.26,0.0,326.3,426.38
348,1020,776,166,20250530,1,5,65.26,65.26,0.0,326.3,654.98
237,2055,167,166,20250516,1,5,65.26,65.26,0.0,326.3,465.41
801,3112,876,44,20250404,1,5,64.84,64.84,0.0,324.2,476.87
802,2151,920,276,20250430,2,5,64.44,64.44,0.0,322.2,456.18
1066,1726,340,260,20250514,1,5,64.28,64.28,0.0,321.4,415.38
1265,287,116,469,20250521,1,5,64.08,64.08,0.0,320.4,447.76
193,456,92,469,20250518,1,5,64.08,64.08,0.0,320.4,433.24
480,571,455,385,20250424,1,5,63.23,63.23,0.0,316.15,821.72
653,2193,168,79,20250521,1,5,63.22,63.22,0.0,316.1,644.06
21,2351,685,79,20250614,1,5,63.22,63.22,0.0,316.1,538.23
909,1222,739,206,20250422,2,5,63.03,63.03,0.0,315.15,461.34
480,1382,455,236,20250424,1,5,62.93,62.93,0.0,314.65,821.72
837,2112,453,236,20250505,1,5,62.93,62.93,0.0,314.65,570.97
43,1386,217,38,20250415,2,5,62.8,62.8,0.0,314.0,478.95
710,1914,826,38,20250617,1,5,62.8,62.8,0.0,314.0,440.06
968,2227,350,317,20250613,1,5,62.63,62.63,0.0,313.15,484.9
1215,2508,638,317,20250422,2,5,62.63,62.63,0.0,313.15,562.51
335,927,642,382,20250415,2,5,62.52,62.52,0.0,312.6,747.5
953,2827,400,382,20250416,2,5,62.52,62.52,0.0,312.6,532.3
361,969,289,378,20250505,1,5,62.39,62.39,0.0,311.95,684.03
121,2309,867,323,20250425,2,5,62.34,62.34,0.0,311.7,566.29
329,585,388,437,20250404,1,5,62.17,62.17,0.0,310.85,605.24
676,2333,254,50,20250520,2,5,61.95,61.95,0.0,309.75,583.9
360,981,981,134,20250424,2,5,61.75,61.75,0.0,308.75,568.53
248,2119,99,134,20250423,2,5,61.75,61.75,0.0,308.75,478.04
141,130,861,123,20250615,1,5,61.51,61.51,0.0,307.55,617.09
330,520,920,125,20250424,1,5,61.27,61.27,0.0,306.35,558.38
729,1279,190,428,20250427,1,5,61.22,61.22,0.0,306.1,350.42
995,1852,565,428,20250519,1,5,61.22,61.22,0.0,306.1,489.02
1047,1613,161,112,20250417,1,5,61.2,61.2,0.0,306.0,441.52
1116,702,640,305,20250521,1,5,60.79,60.79,0.0,303.95,318.59
127,1515,490,305,20250413,2,5,60.79,60.79,0.0,303.95,566.98
396,1925,612,129,20250528,1,5,60.68,60.68,0.0,303.4,567.23
1098,3024,564,129,20250527,2,5,60.68,60.68,0.0,303.4,354.25
703,307,660,111,20250505,1,5,60.36,60.36,0.0,301.8,472.8
1252,2609,986,111,20250429,1,5,60.36,60.36,0.0,301.8,429.24
823,247,323,54,20250424,2,5,60.33,60.33,0.0,301.65,480.96
925,1146,692,412,20250424,1,5,60.33,60.33,0.0,301.65,343.79
495,1326,762,54,20250429,1,5,60.33,60.33,0.0,301.65,780.29
1068,1100,104,433,20250519,1,5,60.12,60.12,0.0,300.6,452.65
767,2694,427,433,20250419,2,5,60.12,60.12,0.0,300.6,423.12
1247,3072,563,433,20250421,1,5,60.12,60.12,0.0,300.6,540.15
82,524,872,4,20250414,1,5,60.0,60.0,0.0,300.0,753.88
92,2250,691,347,20250530,2,5,59.92,59.92,0.0,299.6,611.46
1122,698,609,464,20250616,1,5,59.58,59.58,0.0,297.9,412.92
1213,1751,155,464,20250516,1,5,59.58,59.58,0.0,297.9,365.27
938,2139,42,160,20250519,1,5,59.38,59.38,0.0,296.9,360.58
75,1269,469,186,20250522,2,5,59.35,59.35,0.0,296.75,526.82
715,2527,830,390,20250615,1,5,59.33,59.33,0.0,296.65,512.83
410,182,419,214,20250523,1,5,59.07,59.07,0.0,295.35,816.6
556,1241,751,247,20250430,1,5,58.86,58.86,0.0,294.3,553.83
458,1298,613,110,20250520,2,5,58.7,58.7,0.0,293.5,670.95
73,44,477,63,20250519,1,5,58.67,58.67,0.0,293.35,453.55
96,618,135,366,20250420,1,5,58.34,58.34,0.0,291.7,522.01
160,2216,1,493,20250425,2,5,57.37,57.37,0.0,286.85,663.69
535,2635,174,493,20250531,2,5,57.37,57.37,0.0,286.85,568.88
719,2317,992,223,20250422,1,5,57.36,57.36,0.0,286.8,381.98
410,497,419,27,20250523,1,5,57.35,57.35,0.0,286.75,816.6
413,3095,69,210,20250617,1,5,57.32,57.32,0.0,286.6,669.28
232,51,285,213,20250530,2,5,57.31,57.31,0.0,286.55,561.55
1083,322,340,213,20250515,1,5,57.31,57.31,0.0,286.55,313.89
994,1059,798,60,20250515,2,5,57.19,81.7,24.51,285.95,477.09
1039,2814,460,222,20250613,2,5,57.19,57.19,0.0,285.95,405.63
171,2012,158,53,20250415,1,5,57.17,57.17,0.0,285.85,564.17
950,2891,935,53,20250527,1,5,57.17,57.17,0.0,285.85,524.09
272,1722,718,288,20250505,2,5,57.11,57.11,0.0,285.55,487.95
617,724,62,294,20250518,1,5,56.69,56.69,0.0,283.45,566.22
407,1228,12,303,20250421,2,5,56.58,56.58,0.0,282.9,560.0
695,1239,634,303,20250424,2,5,56.58,56.58,0.0,282.9,437.62
138,2202,106,314,20250614,1,5,56.29,56.29,0.0,281.45,406.4
319,1959,728,485,20250531,2,5,56.2,56.2,0.0,281.0,431.38
384,228,242,422,20250427,1,5,55.91,55.91,0.0,279.55,453.66
1292,2679,338,422,20250421,1,5,55.91,55.91,0.0,279.55,390.07
108,1565,414,97,20250519,1,5,55.27,55.27,0.0,276.35,646.1
419,1787,148,265,20250522,1,5,55.25,55.25,0.0,276.25,673.59
287,1691,556,107,20250515,1,5,55.06,55.06,0.0,275.3,578.5
269,1135,298,124,20250524,2,5,55.04,55.04,0.0,275.2,503.93
691,3350,33,126,20250617,2,5,55.03,55.03,0.0,275.15,475.07
451,1789,997,264,20250415,1,5,55.01,55.01,0.0,275.05,485.52
126,2077,476,188,20250515,1,5,55.01,55.01,0.0,275.05,484.47
1321,3201,217,264,20250614,1,5,55.01,55.01,0.0,275.05,455.53
88,2602,569,481,20250413,2,5,54.87,54.87,0.0,274.35,577.9
676,2323,254,32,20250520,2,5,54.83,54.83,0.0,274.15,583.9
653,1178,168,496,20250521,1,5,54.61,54.61,0.0,273.05,644.06
195,2056,220,42,20250520,2,5,54.2,54.2,0.0,271.0,699.78
444,2857,734,267,20250519,1,5,53.91,53.91,0.0,269.55,487.51
765,832,417,154,20250420,1,5,53.74,53.74,0.0,268.7,536.98
427,3097,401,406,20250617,2,5,53.74,53.74,0.0,268.7,525.37
514,2907,397,494,20250617,2,5,53.52,53.52,0.0,267.6,599.54
118,3035,92,416,20250518,1,5,53.46,53.46,0.0,267.3,788.58
740,1416,370,458,20250429,1,5,53.35,53.35,0.0,266.75,415.23
613,1453,112,331,20250615,1,5,53.34,53.34,0.0,266.7,562.46
242,899,106,442,20250523,2,5,53.27,53.27,0.0,266.35,593.44
466,1513,538,442,20250417,1,5,53.27,53.27,0.0,266.35,573.78
1189,1152,131,73,20250424,1,5,53.25,53.25,0.0,266.25,443.88
914,1431,684,40,20250525,2,5,53.19,53.19,0.0,265.95,461.95
1137,1460,505,40,20250517,1,5,53.19,53.19,0.0,265.95,380.37
37,2422,720,262,20250422,2,5,52.94,52.94,0.0,264.7,715.38
500,139,348,147,20250426,1,5,52.91,52.91,0.0,264.55,680.33
498,1077,9,147,20250525,1,5,52.91,52.91,0.0,264.55,509.91
845,2294,612,147,20250526,1,5,52.91,52.91,0.0,264.55,310.35
572,298,506,75,20250422,2,5,52.83,52.83,0.0,264.15,709.31
1007,2515,53,299,20250416,2,5,52.65,52.65,0.0,263.25,437.52
1193,710,864,394,20250415,1,5,52.58,52.58,0.0,262.9,388.54
846,1353,541,394,20250417,2,5,52.58,52.58,0.0,262.9,425.02
141,427,861,354,20250615,1,5,52.42,52.42,0.0,262.1,617.09
210,100,392,432,20250522,1,5,52.39,52.39,0.0,261.95,598.88
716,475,508,445,20250419,1,5,52.28,52.28,0.0,261.4,483.65
154,830,551,445,20250422,1,5,52.28,52.28,0.0,261.4,448.34
100,1126,518,445,20250421,2,5,52.28,52.28,0.0,261.4,681.05
262,2010,28,181,20250429,2,5,52.18,52.18,0.0,260.9,480.78
777,2192,572,181,20250528,1,5,52.18,52.18,0.0,260.9,310.71
495,2383,762,181,20250429,1,5,52.18,52.18,0.0,260.9,780.29
736,334,505,217,20250414,1,5,52.12,52.12,0.0,260.6,572.2
118,2226,92,217,20250518,1,5,52.12,52.12,0.0,260.6,788.58
614,2447,761,275,20250529,2,5,52.11,52.11,0.0,260.55,498.27
391,50,564,440,20250430,1,5,52.08,52.08,0.0,260.4,718.22
432,1903,432,426,20250420,1,5,51.97,51.97,0.0,259.85,432.21
769,1154,501,468,20250505,1,5,51.8,51.8,0.0,259.0,490.92
82,1377,872,468,20250414,1,5,51.8,51.8,0.0,259.0,753.88
1192,1045,702,361,20250522,2,5,51.76,51.76,0.0,258.8,302.23
689,1215,891,367,20250415,2,5,51.38,51.38,0.0,256.9,405.34
955,212,936,242,20250525,2,5,51.25,51.25,0.0,256.25,490.7
426,1648,38,242,20250615,1,5,51.25,51.25,0.0,256.25,605.81
291,2500,379,242,20250430,1,5,51.25,51.25,0.0,256.25,696.69
571,463,191,28,20250523,2,5,51.18,51.18,0.0,255.9,859.38
1343,2292,767,28,20250528,1,5,51.18,51.18,0.0,255.9,352.5
195,1175,220,421,20250520,2,5,50.89,50.89,0.0,254.45,699.78
1199,3331,922,421,20250614,1,5,50.89,50.89,0.0,254.45,342.57
465,994,783,290,20250614,1,5,50.86,50.86,0.0,254.3,572.22
429,3304,978,290,20250614,2,5,50.86,50.86,0.0,254.3,554.35
161,2374,703,253,20250426,2,5,50.55,50.55,0.0,252.75,608.67
299,1346,403,310,20250513,2,5,50.47,72.1,21.63,252.35,489.11
341,1769,816,310,20250513,2,5,50.47,72.1,21.63,252.35,449.94
100,366,518,419,20250421,2,5,50.34,50.34,0.0,251.7,681.05
41,1166,367,370,20250414,1,5,50.34,50.34,0.0,251.7,481.09
239,3302,2,419,20250420,1,5,50.34,50.34,0.0,251.7,710.55
980,3075,220,69,20250527,2,5,49.98,49.98,0.0,249.9,448.26
429,1388,978,436,20250614,2,5,49.81,49.81,0.0,249.05,554.35
13,2962,253,219,20250416,2,5,49.76,49.76,0.0,248.8,696.62
589,736,160,173,20250617,2,5,49.74,49.74,0.0,248.7,372.08
103,253,76,268,20250613,1,5,49.59,49.59,0.0,247.95,452.53
739,722,885,190,20250505,2,5,49.41,49.41,0.0,247.05,350.65
226,2711,575,190,20250423,2,5,49.41,49.41,0.0,247.05,401.31
902,727,656,460,20250529,2,5,48.64,48.64,0.0,243.2,305.5
179,175,663,274,20250529,2,5,48.38,48.38,0.0,241.9,525.72
541,152,877,34,20250427,2,5,48.34,48.34,0.0,241.7,505.76
627,2860,973,34,20250523,2,5,48.34,48.34,0.0,241.7,467.58
467,990,220,230,20250420,2,5,48.3,48.3,0.0,241.5,425.23
333,3317,842,230,20250522,1,5,48.3,48.3,0.0,241.5,427.6
240,3313,270,189,20250531,2,5,48.12,48.12,0.0,240.6,757.22
164,803,442,455,20250417,2,5,48.03,48.03,0.0,240.15,604.53
1247,2903,563,121,20250421,1,5,47.91,47.91,0.0,239.55,540.15
273,769,682,409,20250616,2,5,47.84,47.84,0.0,239.2,489.56
594,1117,69,409,20250530,2,5,47.84,47.84,0.0,239.2,493.31
234,2179,198,409,20250520,2,5,47.84,47.84,0.0,239.2,533.21
305,948,878,447,20250428,1,5,47.66,47.66,0.0,238.3,541.03
1330,2603,277,447,20250404,2,5,47.66,47.66,0.0,238.3,343.78
903,3021,727,482,20250419,2,5,47.59,47.59,0.0,237.95,446.43
527,773,160,410,20250528,1,5,47.47,47.47,0.0,237.35,420.5
1045,1469,113,410,20250514,1,5,47.47,47.47,0.0,237.35,288.98
515,2072,189,410,20250520,1,5,47.47,47.47,0.0,237.35,627.9
1148,1811,562,365,20250513,2,5,47.43,67.76,20.33,237.16,448.98
651,1168,225,479,20250416,1,5,47.42,47.42,0.0,237.1,501.78
704,834,418,68,20250518,1,5,47.27,47.27,0.0,236.35,328.55
890,701,625,118,20250418,1,5,46.99,46.99,0.0,234.95,323.23
313,2165,271,132,20250606,2,5,46.9,46.9,0.0,234.5,712.86
410,3138,419,132,20250523,1,5,46.9,46.9,0.0,234.5,816.6
639,3214,346,132,20250422,1,5,46.9,46.9,0.0,234.5,499.62
955,1966,936,228,20250525,2,5,46.89,46.89,0.0,234.45,490.7
539,2487,422,228,20250426,1,5,46.89,46.89,0.0,234.45,506.48
351,2512,840,228,20250527,1,5,46.89,46.89,0.0,234.45,494.28
515,2967,189,137,20250520,1,5,46.52,46.52,0.0,232.6,627.9
239,919,2,200,20250420,1,5,46.41,46.41,0.0,232.05,710.55
883,1642,659,261,20250521,2,5,46.1,46.1,0.0,230.5,422.95
665,1674,477,62,20250413,1,5,46.09,46.09,0.0,230.45,440.01
1220,159,150,155,20250521,1,5,46.07,46.07,0.0,230.35,299.77
419,796,148,201,20250522,1,5,45.62,45.62,0.0,228.1,673.59
727,394,834,109,20250422,1,5,45.27,45.27,0.0,226.35,330.45
561,187,829,487,20250606,1,5,44.86,49.84,4.98,224.28,416.29
1166,851,243,12,20250517,1,5,44.77,44.77,0.0,223.85,284.19
298,2553,401,12,20250518,1,5,44.77,44.77,0.0,223.85,376.14
716,3122,508,322,20250419,1,5,44.45,44.45,0.0,222.25,483.65
108,84,414,55,20250519,1,5,44.32,44.32,0.0,221.6,646.1
531,1000,900,29,20250530,2,5,44.27,44.27,0.0,221.35,417.74
564,2180,511,489,20250528,1,5,44.21,44.21,0.0,221.05,351.54
932,3151,323,489,20250614,2,5,44.21,44.21,0.0,221.05,317.29
873,660,872,184,20250522,1,5,44.08,44.08,0.0,220.4,263.07
757,2051,161,184,20250426,1,5,44.08,44.08,0.0,220.4,309.83
737,1866,802,231,20250422,1,5,44.06,44.06,0.0,220.3,410.06
953,72,400,411,20250416,2,5,43.94,43.94,0.0,219.7,532.3
1275,2101,655,277,20250404,2,5,43.92,43.92,0.0,219.6,323.54
1178,1879,274,312,20250415,2,5,43.84,43.84,0.0,219.2,286.19
343,1345,170,363,20250617,2,5,43.64,43.64,0.0,218.2,587.46
332,1357,932,363,20250524,2,5,43.64,43.64,0.0,218.2,380.25
770,385,714,302,20250428,1,5,43.4,43.4,0.0,217.0,430.6
39,1888,955,429,20250514,1,5,43.34,43.34,0.0,216.7,628.12
539,3081,422,329,20250426,1,5,43.09,43.09,0.0,215.45,506.48
461,600,607,102,20250527,1,5,43.06,43.06,0.0,215.3,439.03
866,801,796,102,20250423,2,5,43.06,43.06,0.0,215.3,411.3
278,937,626,102,20250613,2,5,43.06,43.06,0.0,215.3,295.83
394,1578,435,369,20250615,1,5,43.04,43.04,0.0,215.2,456.05
1059,1160,640,428,20250518,2,5,42.85,61.22,18.37,214.27,291.47
286,2942,184,352,20250518,2,5,42.78,61.12,18.34,213.92,348.33
475,1334,831,24,20250428,2,5,42.76,42.76,0.0,213.8,513.94
361,2167,289,476,20250505,1,5,42.72,42.72,0.0,213.6,684.03
770,3351,714,476,20250428,1,5,42.72,42.72,0.0,213.6,430.6
1152,2,157,375,20250422,1,5,42.67,42.67,0.0,213.35,375.47
550,510,190,375,20250516,1,5,42.67,42.67,0.0,213.35,335.22
651,617,225,177,20250416,1,5,42.66,42.66,0.0,213.3,501.78
1160,2503,264,135,20250419,1,5,42.47,42.47,0.0,212.35,326.35
1148,153,562,191,20250513,2,5,42.36,60.52,18.16,211.82,448.98
728,1099,258,287,20250518,2,5,42.24,60.34,18.1,211.19,309.68
660,2870,86,309,20250614,2,5,42.14,42.14,0.0,210.7,368.79
1268,755,767,344,20250518,1,5,42.1,42.1,0.0,210.5,313.3
1312,761,841,202,20250428,2,5,41.88,41.88,0.0,209.4,429.04
1237,1397,305,202,20250428,1,5,41.88,41.88,0.0,209.4,400.86
548,677,916,144,20250425,2,5,41.84,41.84,0.0,209.2,635.8
35,2835,574,172,20250427,1,5,41.7,41.7,0.0,208.5,433.96
821,1771,233,291,20250514,2,5,41.69,59.56,17.87,208.46,262.23
202,300,972,423,20250528,2,5,41.64,41.64,0.0,208.2,516.82
993,2832,99,423,20250421,1,5,41.64,41.64,0.0,208.2,311.37
1214,1986,280,351,20250606,1,5,41.5,46.11,4.61,207.5,301.3
825,2556,643,78,20250513,2,5,41.45,59.21,17.76,207.24,295.16
362,1552,861,86,20250525,2,5,41.26,41.26,0.0,206.3,514.28
655,1369,16,18,20250424,1,5,40.99,40.99,0.0,204.95,511.39
1331,2268,447,18,20250426,2,5,40.99,40.99,0.0,204.95,257.03
68,2624,413,74,20250523,1,5,40.94,40.94,0.0,204.7,740.54
458,2581,613,293,20250520,2,5,40.77,40.77,0.0,203.85,670.95
81,2595,130,321,20250518,2,5,40.66,58.09,17.43,203.32,449.17
557,3193,194,9,20250425,2,5,40.5,40.5,0.0,202.5,423.11
1049,2172,294,1,20250419,2,5,40.41,40.41,0.0,202.05,291.23
72,505,710,16,20250519,1,5,40.36,40.36,0.0,201.8,622.14
214,1231,572,92,20250428,2,5,40.25,40.25,0.0,201.25,583.42
1300,88,147,226,20250415,1,5,39.78,39.78,0.0,198.9,303.0
812,158,256,325,20250421,1,5,39.78,39.78,0.0,198.9,246.26
1245,1426,348,143,20250517,1,5,39.75,39.75,0.0,198.75,261.02
386,2016,445,143,20250421,2,5,39.75,39.75,0.0,198.75,323.99
832,148,570,490,20250423,1,5,39.42,39.42,0.0,197.1,266.58
360,1337,981,467,20250424,2,5,39.22,39.22,0.0,196.1,568.53
914,488,684,204,20250525,2,5,39.2,39.2,0.0,196.0,461.95
866,2189,796,204,20250423,2,5,39.2,39.2,0.0,196.0,411.3
594,3165,69,204,20250530,2,5,39.2,39.2,0.0,196.0,493.31
562,3341,225,204,20250418,2,5,39.2,39.2,0.0,196.0,552.4
555,904,997,113,20250525,2,5,39.18,39.18,0.0,195.9,376.87
973,2047,953,141,20250617,2,5,39.16,39.16,0.0,195.8,442.48
1084,8,477,96,20250428,1,5,39.03,39.03,0.0,195.15,495.83
922,2579,246,180,20250523,1,5,38.81,38.81,0.0,194.05,342.07
52,2728,438,438,20250521,1,5,38.74,38.74,0.0,193.7,646.63
356,1922,59,446,20250513,2,5,38.6,55.14,16.54,192.99,344.13
659,1864,656,376,20250417,2,5,38.52,38.52,0.0,192.6,610.09
614,62,761,484,20250529,2,5,38.49,38.49,0.0,192.45,498.27
883,2935,659,484,20250521,2,5,38.49,38.49,0.0,192.45,422.95
84,2994,932,484,20250517,1,5,38.49,38.49,0.0,192.45,519.81
241,1321,725,256,20250606,2,5,38.41,38.41,0.0,192.05,411.47
1020,1877,120,498,20250517,1,5,38.33,38.33,0.0,191.65,423.57
994,156,798,496,20250515,2,5,38.23,54.61,16.38,191.14,477.09
201,741,675,240,20250527,2,5,38.14,38.14,0.0,190.7,492.32
411,333,207,48,20250513,2,5,38.07,54.38,16.31,190.33,393.19
604,694,338,387,20250526,1,5,38.06,38.06,0.0,190.3,499.56
20,1614,638,451,20250404,1,5,37.8,37.8,0.0,189.0,665.8
1229,1116,503,318,20250529,2,5,37.55,37.55,0.0,187.75,343.99
11,3187,187,318,20250520,2,5,37.55,37.55,0.0,187.75,327.88
1123,1267,18,208,20250527,1,5,37.45,37.45,0.0,187.25,342.14
642,1266,796,492,20250519,1,5,37.12,37.12,0.0,185.6,504.5
1294,1823,407,492,20250422,1,5,37.12,37.12,0.0,185.6,249.28
961,3087,613,243,20250617,1,5,37.06,37.06,0.0,185.3,282.53
865,2504,117,441,20250529,1,5,36.99,36.99,0.0,184.95,362.23
156,2173,819,251,20250524,1,5,36.88,36.88,0.0,184.4,364.16
602,1312,284,5,20250428,1,5,36.84,36.84,0.0,184.2,447.92
642,1355,796,5,20250519,1,5,36.84,36.84,0.0,184.2,504.5
647,3085,688,5,20250430,1,5,36.84,36.84,0.0,184.2,379.16
811,1544,29,248,20250427,2,5,36.79,36.79,0.0,183.95,427.27
401,2840,397,148,20250415,1,5,36.69,36.69,0.0,183.45,523.89
1024,1518,331,495,20250415,2,5,36.65,36.65,0.0,183.25,391.65
1040,2363,608,445,20250516,2,5,36.6,52.28,15.68,182.98,277.8
343,1678,170,364,20250617,2,5,36.34,36.34,0.0,181.7,587.46
474,1856,190,364,20250414,2,5,36.34,36.34,0.0,181.7,549.22
321,1012,779,259,20250531,2,5,35.73,35.73,0.0,178.65,465.62
1177,55,960,381,20250427,1,5,35.59,35.59,0.0,177.95,405.31
1173,2772,689,370,20250516,2,5,35.24,50.34,15.1,176.19,216.76
2,192,41,414,20250516,1,5,35.2,35.2,0.0,176.0,357.54
1064,1819,670,454,20250418,1,5,35.16,35.16,0.0,175.8,286.5
551,852,398,405,20250531,1,5,34.71,34.71,0.0,173.55,274.53
761,1399,858,59,20250531,1,5,34.58,34.58,0.0,172.9,232.67
295,2044,720,175,20250513,2,5,34.41,49.16,14.75,172.06,408.14
232,657,285,343,20250530,2,5,34.39,34.39,0.0,171.95,561.55
968,789,350,342,20250613,1,5,34.35,34.35,0.0,171.75,484.9
975,1928,560,342,20250414,2,5,34.35,34.35,0.0,171.75,437.07
64,1930,795,342,20250521,2,5,34.35,34.35,0.0,171.75,426.45
6,1484,659,13,20250614,1,5,34.25,34.25,0.0,171.25,416.43
1035,595,857,388,20250505,1,5,34.23,34.23,0.0,171.15,215.07
762,1336,76,388,20250613,1,5,34.23,34.23,0.0,171.15,222.42
885,2534,922,388,20250422,2,5,34.23,34.23,0.0,171.15,273.51
473,2963,820,388,20250430,1,5,34.23,34.23,0.0,171.15,270.72
534,402,652,298,20250422,2,5,33.94,33.94,0.0,169.7,385.1
886,1977,53,330,20250525,1,5,33.94,33.94,0.0,169.7,240.1
8,3348,277,330,20250526,2,5,33.94,33.94,0.0,169.7,408.13
100,37,518,139,20250421,2,5,33.59,33.59,0.0,167.95,681.05
992,1626,375,409,20250513,2,5,33.49,47.84,14.35,167.44,214.08
1168,2085,492,338,20250613,1,5,33.39,33.39,0.0,166.95,296.37
132,2295,839,338,20250420,2,5,33.39,33.39,0.0,166.95,395.09
67,446,128,169,20250404,2,5,32.94,32.94,0.0,164.7,414.7
442,1738,408,497,20250606,1,5,32.44,36.05,3.6,162.22,339.49
143,1848,956,82,20250616,1,5,32.21,32.21,0.0,161.05,324.41
1286,2826,628,259,20250606,1,5,32.16,35.73,3.57,160.78,213.94
913,815,729,84,20250527,2,5,31.84,31.84,0.0,159.2,303.24
449,891,749,418,20250523,1,5,31.84,31.84,0.0,159.2,274.72
904,97,699,90,20250505,1,5,31.67,31.67,0.0,158.35,222.07
1256,3094,393,457,20250416,2,5,31.61,31.61,0.0,158.05,211.32
528,166,921,128,20250517,2,5,31.43,44.9,13.47,157.15,333.83
834,165,626,95,20250617,2,5,31.15,31.15,0.0,155.75,196.52
53,1662,885,95,20250414,1,5,31.15,31.15,0.0,155.75,324.33
423,1846,729,184,20250513,2,5,30.86,44.08,13.22,154.28,238.34
640,885,196,401,20250418,2,5,30.83,30.83,0.0,154.15,521.41
287,1587,556,401,20250515,1,5,30.83,30.83,0.0,154.15,578.5
580,1948,833,401,20250531,2,5,30.83,30.83,0.0,154.15,422.78
1295,469,144,431,20250517,1,5,30.41,30.41,0.0,152.05,275.39
1068,561,104,431,20250519,1,5,30.41,30.41,0.0,152.05,452.65
1251,2204,662,431,20250430,2,5,30.41,30.41,0.0,152.05,202.77
1206,3050,701,431,20250419,1,5,30.41,30.41,0.0,152.05,310.54
414,2127,404,339,20250614,2,5,30.35,30.35,0.0,151.75,492.17
534,3267,652,171,20250422,2,5,30.26,30.26,0.0,151.3,385.1
81,3092,130,329,20250518,2,5,30.16,43.09,12.93,150.82,449.17
256,2615,881,499,20250521,1,5,30.07,30.07,0.0,150.35,432.34
387,90,2,88,20250420,1,5,29.81,29.81,0.0,149.05,362.98
32,493,982,88,20250421,2,5,29.81,29.81,0.0,149.05,540.69
287,1868,556,88,20250515,1,5,29.81,29.81,0.0,149.05,578.5
785,754,393,81,20250531,2,5,29.63,29.63,0.0,148.15,200.97
108,2682,414,81,20250519,1,5,29.63,29.63,0.0,148.15,646.1
64,975,795,246,20250521,2,5,28.98,28.98,0.0,144.9,426.45
59,1500,787,246,20250514,1,5,28.98,28.98,0.0,144.9,435.92
55,2501,511,462,20250417,1,5,28.58,28.58,0.0,142.9,355.12
212,354,302,176,20250505,2,5,27.94,27.94,0.0,139.7,300.97
1030,1036,575,65,20250616,2,5,27.45,27.45,0.0,137.25,261.25
513,1303,474,65,20250614,1,5,27.45,27.45,0.0,137.25,441.25
647,1634,688,119,20250430,1,5,27.34,27.34,0.0,136.7,379.16
259,1524,48,451,20250519,2,5,26.46,37.8,11.34,132.3,296.87
387,1728,2,174,20250420,1,5,26.41,26.41,0.0,132.05,362.98
341,2936,816,208,20250513,2,5,26.22,37.45,11.24,131.08,449.94
411,3034,207,5,20250513,2,5,25.79,36.84,11.05,128.94,393.19
1297,39,14,245,20250429,2,5,24.91,24.91,0.0,124.55,167.61
1030,48,575,122,20250616,2,5,24.8,24.8,0.0,124.0,261.25
120,2070,999,23,20250606,1,5,24.75,27.5,2.75,123.75,431.8
875,91,54,405,20250517,2,5,24.3,34.71,10.41,121.48,161.27
1132,2995,231,205,20250520,2,5,24.05,24.05,0.0,120.25,267.61
421,457,230,3,20250519,1,5,23.9,23.9,0.0,119.5,310.51
915,1748,672,3,20250420,1,5,23.9,23.9,0.0,119.5,241.74
1180,2749,777,3,20250526,1,5,23.9,23.9,0.0,119.5,273.14
295,2910,720,430,20250513,2,5,23.79,33.98,10.19,118.93,408.14
375,704,819,235,20250414,1,5,23.68,23.68,0.0,118.4,420.74
102,2028,692,443,20250614,2,5,23.13,23.13,0.0,115.65,289.57
1303,2031,22,164,20250521,1,5,22.96,22.96,0.0,114.8,287.88
338,1764,670,491,20250421,1,5,22.66,22.66,0.0,113.3,410.86
297,1938,235,401,20250517,2,5,21.58,30.83,9.25,107.9,275.27
1270,1104,459,114,20250424,2,5,21.53,21.53,0.0,107.65,295.25
189,3296,684,114,20250425,1,5,21.53,21.53,0.0,107.65,371.17
1014,2412,578,355,20250516,1,5,21.38,21.38,0.0,106.9,175.37
1300,516,147,334,20250415,1,5,20.82,20.82,0.0,104.1,303.0
727,1240,834,334,20250422,1,5,20.82,20.82,0.0,104.1,330.45
172,2394,398,246,20250513,2,5,20.29,28.98,8.69,101.43,178.2
986,1631,735,195,20250523,2,5,16.69,16.69,0.0,83.45,229.64
724,685,227,346,20250530,1,5,15.31,15.31,0.0,76.55,183.62
